date,observer.initials,obs.method,device,point.number,time,sky,wind,noise,temp,species.code,count.number,type.a.v,distance.50.u.o,notes,correct.id
7/7/23,BDG,hearing,NA,RC1,8:43,1,0,1,70,REVI,1,a,NA,,no
7/7/23,BDG,hearing,NA,RC1,8:43,1,0,1,70,BTNW,1,a,NA,,yes
7/7/23,BDG,hearing,NA,RC1,8:43,1,0,1,70,RBNU,1,a,NA,,unverifiable
7/7/23,BDG,hearing,NA,RC1,8:43,1,0,1,70,HETH,1,a,NA,,yes
7/7/23,EDH,merlin,iphone_SE,RC1,8:43,1,0,1,70,BHVI,1,a,NA,audio files,yes
7/7/23,EDH,merlin,iphone_SE,RC1,8:43,1,0,1,70,RWBL,1,a,NA,,no
7/7/23,EDH,merlin,iphone_SE,RC1,8:43,1,0,1,70,BTNW,1,a,NA,,yes
7/7/23,EDH,merlin,iphone_SE,RC1,8:43,1,0,1,70,REVI,1,a,NA,,no
7/7/23,EJD,merlin,samsung_galaxy_tab_A,RC1,8:43,1,0,1,70,BHVI,1,a,NA,audio_files,yes
7/7/23,EJD,merlin,samsung_galaxy_tab_A,RC1,8:43,1,0,1,70,BTNW,1,a,NA,,yes
7/7/23,EJD,merlin,samsung_galaxy_tab_A,RC1,8:43,1,0,1,70,RWBL,1,a,NA,,no
7/7/23,KL,playback,NA,RC1,8:43,1,0,1,70,BHVI,NA,a,NA,,NA
7/7/23,KL,playback,NA,RC1,8:43,1,0,1,70,BTNW,NA,a,NA,,NA
7/7/23,KL,playback,NA,RC1,8:43,1,0,1,70,HETH,NA,a,NA,,NA
7/7/23,BDG,hearing,NA,RC10,10:19,1,0,1,70,BTNW,1,a,NA,,yes
7/7/23,BDG,hearing,NA,RC10,10:19,1,0,1,70,DEJU,1,a,NA,,unverifiable
7/7/23,BDG,hearing,NA,RC10,10:19,1,0,1,70,OVEN,1,a,NA,,yes
7/7/23,EDH,merlin,iphone_SE,RC10,10:19,1,0,1,70,BTNW,1,a,NA,,yes
7/7/23,EDH,merlin,iphone_SE,RC10,10:19,1,0,1,70,OVEN,1,a,NA,,yes
7/7/23,EJD,merlin,samsung_galaxy_tab_A,RC10,10:19,1,0,1,70,BTNW,1,a,NA,,yes
7/7/23,EJD,merlin,samsung_galaxy_tab_A,RC10,10:19,1,0,1,70,OVEN,1,a,NA,,yes
7/7/23,KL,playback,NA,RC10,10:19,1,0,1,70,BTNW,NA,a,NA,,NA
7/7/23,KL,playback,NA,RC10,10:19,1,0,1,70,OVEN,NA,a,NA,,NA
7/7/23,BDG,hearing,NA,RC2,8:54,1,0,1,70,HETH,1,a,NA,,yes
7/7/23,BDG,hearing,NA,RC2,8:54,1,0,1,70,BTNW,1,a,NA,,yes
7/7/23,BDG,hearing,NA,RC2,8:54,1,0,1,70,OVEN,1,a,NA,,yes
7/7/23,BDG,hearing,NA,RC2,8:54,1,0,1,70,WTSP,1,a,NA,,yes
7/7/23,EDH,merlin,iphone_SE,RC2,8:54,1,0,1,70,OVEN,1,a,NA,,yes
7/7/23,EDH,merlin,iphone_SE,RC2,8:54,1,0,1,70,BTNW,1,a,NA,,yes
7/7/23,EDH,merlin,iphone_SE,RC2,8:54,1,0,1,70,COYE,1,a,NA,,yes
7/7/23,EDH,merlin,iphone_SE,RC2,8:54,1,0,1,70,HETH,1,a,NA,,yes
7/7/23,EDH,merlin,iphone_SE,RC2,8:54,1,0,1,70,WOTH,1,a,NA,,no
7/7/23,EDH,merlin,iphone_SE,RC2,8:54,1,0,1,70,WTSP,1,a,NA,,yes
7/7/23,EJD,merlin,samsung_galaxy_tab_A,RC2,8:54,1,0,1,70,HETH,1,a,NA,,yes
7/7/23,EJD,merlin,samsung_galaxy_tab_A,RC2,8:54,1,0,1,70,BTNW,1,a,NA,,yes
7/7/23,EJD,merlin,samsung_galaxy_tab_A,RC2,8:54,1,0,1,70,OVEN,1,a,NA,,yes
7/7/23,EJD,merlin,samsung_galaxy_tab_A,RC2,8:54,1,0,1,70,COYE,1,a,NA,,yes
7/7/23,EJD,merlin,samsung_galaxy_tab_A,RC2,8:54,1,0,1,70,WTSP,1,a,NA,,yes
7/7/23,KL,playback,NA,RC2,8:54,1,0,1,70,OVEN,NA,a,NA,,NA
7/7/23,KL,playback,NA,RC2,8:54,1,0,1,70,HETH,NA,a,NA,,NA
7/7/23,KL,playback,NA,RC2,8:54,1,0,1,70,BTNW,NA,a,NA,,NA
7/7/23,KL,playback,NA,RC2,8:54,1,0,1,70,COYE,NA,a,NA,,NA
7/7/23,KL,playback,NA,RC2,8:54,1,0,1,70,WTSP,NA,a,NA,,NA
7/7/23,BDG,hearing,NA,RC3,9:04,1,0,1,70,OVEN,1,a,NA,,yes
7/7/23,BDG,hearing,NA,RC3,9:04,1,0,1,70,BTNW,1,a,NA,,yes
7/7/23,BDG,hearing,NA,RC3,9:04,1,0,1,70,NAWA,1,a,NA,,yes
7/7/23,BDG,hearing,NA,RC3,9:04,1,0,1,70,HETH,1,a,NA,,yes
7/7/23,BDG,hearing,NA,RC3,9:04,1,0,1,70,REVI,1,a,NA,,unverifiable
7/7/23,EDH,merlin,iphone_SE,RC3,9:04,1,0,1,70,OVEN,1,a,NA,,yes
7/7/23,EDH,merlin,iphone_SE,RC3,9:04,1,0,1,70,BTNW,1,a,NA,,yes
7/7/23,EJD,merlin,samsung_galaxy_tab_A,RC3,9:04,1,0,1,70,BTNW,1,a,NA,,yes
7/7/23,EJD,merlin,samsung_galaxy_tab_A,RC3,9:04,1,0,1,70,OVEN,1,a,NA,,yes
7/7/23,KL,playback,NA,RC3,9:04,1,0,1,70,OVEN,NA,a,NA,,NA
7/7/23,KL,playback,NA,RC3,9:04,1,0,1,70,AMGO,NA,a,NA,,NA
7/7/23,KL,playback,NA,RC3,9:04,1,0,1,70,BTNW,NA,a,NA,,NA
7/7/23,KL,playback,NA,RC3,9:04,1,0,1,70,NAWA,NA,a,NA,,NA
7/7/23,KL,playback,NA,RC3,9:04,1,0,1,70,HETH,NA,a,NA,,NA
7/7/23,BDG,hearing,NA,RC4,9:14,1,0,1,70,HETH,1,a,NA,,yes
7/7/23,BDG,hearing,NA,RC4,9:14,1,0,1,70,BTNW,1,a,NA,,yes
7/7/23,BDG,hearing,NA,RC4,9:14,1,0,1,70,WTSP,1,a,NA,,yes
7/7/23,BDG,hearing,NA,RC4,9:14,1,0,1,70,OVEN,1,a,NA,,yes
7/7/23,BDG,hearing,NA,RC4,9:14,1,0,1,70,BAWW,1,a,NA,,yes
7/7/23,EDH,merlin,iphone_SE,RC4,9:14,1,0,1,70,HETH,1,a,NA,,yes
7/7/23,EDH,merlin,iphone_SE,RC4,9:14,1,0,1,70,BTNW,1,a,NA,,yes
7/7/23,EDH,merlin,iphone_SE,RC4,9:14,1,0,1,70,OVEN,1,a,NA,,yes
7/7/23,EDH,merlin,iphone_SE,RC4,9:14,1,0,1,70,WTSP,1,a,NA,,yes
7/7/23,EDH,merlin,iphone_SE,RC4,9:14,1,0,1,70,BAWW,1,a,NA,,yes
7/7/23,EJD,merlin,samsung_galaxy_tab_A,RC4,9:14,1,0,1,70,HETH,1,a,NA,,yes
7/7/23,EJD,merlin,samsung_galaxy_tab_A,RC4,9:14,1,0,1,70,BTNW,1,a,NA,,yes
7/7/23,EJD,merlin,samsung_galaxy_tab_A,RC4,9:14,1,0,1,70,BAWW,1,a,NA,,yes
7/7/23,EJD,merlin,samsung_galaxy_tab_A,RC4,9:14,1,0,1,70,OVEN,1,a,NA,,yes
7/7/23,EJD,merlin,samsung_galaxy_tab_A,RC4,9:14,1,0,1,70,WTSP,1,a,NA,,yes
7/7/23,EJD,merlin,samsung_galaxy_tab_A,RC4,9:14,1,0,1,70,WOTH,1,a,NA,,no
7/7/23,KL,playback,NA,RC4,9:14,1,0,1,70,HETH,NA,a,NA,,NA
7/7/23,KL,playback,NA,RC4,9:14,1,0,1,70,BTNW,NA,a,NA,,NA
7/7/23,KL,playback,NA,RC4,9:14,1,0,1,70,WTSP,NA,a,NA,,NA
7/7/23,KL,playback,NA,RC4,9:14,1,0,1,70,OVEN,NA,a,NA,,NA
7/7/23,KL,playback,NA,RC4,9:14,1,0,1,70,BAWW,NA,a,NA,,NA
7/7/23,BDG,hearing,NA,RC5,9:24,1,0,1,70,BTNW,1,a,NA,,yes
7/7/23,BDG,hearing,NA,RC5,9:24,1,0,1,70,OVEN,1,a,NA,,unverifiable
7/7/23,BDG,hearing,NA,RC5,9:24,1,0,1,70,HETH,1,a,NA,used to be HERM,yes
7/7/23,BDG,hearing,NA,RC5,9:24,1,0,1,70,DEJU,1,a,NA,,yes
7/7/23,BDG,hearing,NA,RC5,9:24,1,0,1,70,WTSP,1,a,NA,,yes
7/7/23,EDH,merlin,iphone_SE,RC5,9:24,1,0,1,70,MAWA,1,a,NA,,yes
7/7/23,EDH,merlin,iphone_SE,RC5,9:24,1,0,1,70,CAWA,1,a,NA,,no
7/7/23,EDH,merlin,iphone_SE,RC5,9:24,1,0,1,70,BTNW,1,a,NA,,yes
7/7/23,EDH,merlin,iphone_SE,RC5,9:24,1,0,1,70,HETH,1,a,NA,,yes
7/7/23,EDH,merlin,iphone_SE,RC5,9:24,1,0,1,70,DEJU,1,a,NA,,yes
7/7/23,EDH,merlin,iphone_SE,RC5,9:24,1,0,1,70,BAWW,1,a,NA,,yes
7/7/23,EJD,merlin,samsung_galaxy_tab_A,RC5,9:24,1,0,1,70,HETH,1,a,NA,,yes
7/7/23,EJD,merlin,samsung_galaxy_tab_A,RC5,9:24,1,0,1,70,DEJU,1,a,NA,,yes
7/7/23,EJD,merlin,samsung_galaxy_tab_A,RC5,9:24,1,0,1,70,MAWA,1,a,NA,,yes
7/7/23,EJD,merlin,samsung_galaxy_tab_A,RC5,9:24,1,0,1,70,BTNW,1,a,NA,,yes
7/7/23,EJD,merlin,samsung_galaxy_tab_A,RC5,9:24,1,0,1,70,WOTH,1,a,NA,,no
7/7/23,KL,playback,NA,RC5,9:24,1,0,1,70,MAWA,NA,a,NA,,NA
7/7/23,KL,playback,NA,RC5,9:24,1,0,1,70,BTNW,NA,a,NA,,NA
7/7/23,KL,playback,NA,RC5,9:24,1,0,1,70,HETH,NA,a,NA,,NA
7/7/23,KL,playback,NA,RC5,9:24,1,0,1,70,DEJU,NA,a,NA,,NA
7/7/23,KL,playback,NA,RC5,9:24,1,0,1,70,BAWW,NA,a,NA,,NA
7/7/23,KL,playback,NA,RC5,9:24,1,0,1,70,WTSP,NA,a,NA,,NA
7/7/23,BDG,hearing,NA,RC6,9:35,1,0,1,70,OVEN,1,a,NA,,yes
7/7/23,BDG,hearing,NA,RC6,9:35,1,0,1,70,HETH,1,a,NA,,yes
7/7/23,BDG,hearing,NA,RC6,9:35,1,0,1,70,OSPR,1,a,NA,,yes
7/7/23,EDH,merlin,iphone_SE,RC6,9:35,1,0,1,70,OVEN,1,a,NA,,yes
7/7/23,EDH,merlin,iphone_SE,RC6,9:35,1,0,1,70,MAWA,1,a,NA,,yes
7/7/23,EDH,merlin,iphone_SE,RC6,9:35,1,0,1,70,NAWA,1,a,NA,,yes
7/7/23,EDH,merlin,iphone_SE,RC6,9:35,1,0,1,70,RTHA,1,a,NA,,no
7/7/23,EJD,merlin,samsung_galaxy_tab_A,RC6,9:35,1,0,1,70,MAWA,1,a,NA,,yes
7/7/23,EJD,merlin,samsung_galaxy_tab_A,RC6,9:35,1,0,1,70,OVEN,1,a,NA,,yes
7/7/23,EJD,merlin,samsung_galaxy_tab_A,RC6,9:35,1,0,1,70,NAWA,1,a,NA,,yes
7/7/23,EJD,merlin,samsung_galaxy_tab_A,RC6,9:35,1,0,1,70,OSPR,1,a,NA,,yes
7/13/23,SB,hearing,NA,RC1,8:25,0,0,1,66,BTNW,1,a,NA,,yes
7/13/23,SB,hearing,NA,RC1,8:25,0,0,1,66,CORA,1,a,NA,,unverifiable
7/13/23,SB,hearing,NA,RC1,8:25,0,0,1,66,MODO,1,a,NA,,unverifiable
7/13/23,SB,hearing,NA,RC1,8:25,0,0,1,66,WTSP,1,v,NA,,yes
7/13/23,SB,hearing,NA,RC1,8:25,0,0,1,66,NOFL,1,a,NA,,unverifiable
7/13/23,SB,hearing,NA,RC1,8:25,0,0,1,66,RBNU,1,a,NA,,yes
7/13/23,SB,hearing,NA,RC1,8:25,0,0,1,66,PUFI,1,v,NA,,unverifiable
7/13/23,SB,hearing,NA,RC1,8:25,0,0,1,66,YRWA,1,a,NA,,yes
7/13/23,SB,hearing,NA,RC1,8:25,0,0,1,66,NAWA,1,a,NA,,yes
7/13/23,SB,hearing,NA,RC1,8:25,0,0,1,66,HETH,1,a,NA,,yes
7/13/23,EJD,merlin,iphone_12_pro,RC1,8:25,0,0,1,66,BTNW,1,a,NA,audio files,yes
7/13/23,EJD,merlin,iphone_12_pro,RC1,8:25,0,0,1,66,RBNU,1,a,NA,,yes
7/13/23,EJD,merlin,iphone_12_pro,RC1,8:25,0,0,1,66,NAWA,1,a,NA,,yes
7/13/23,EJD,merlin,iphone_12_pro,RC1,8:25,0,0,1,66,WTSP,1,a,NA,,yes
7/13/23,EJD,merlin,iphone_12_pro,RC1,8:25,0,0,1,66,COYE,1,a,NA,,yes
7/13/23,EJD,merlin,iphone_12_pro,RC1,8:25,0,0,1,66,YRWA,1,a,NA,,yes
7/13/23,EJD,merlin,iphone_12_pro,RC1,8:25,0,0,1,66,DEJU,1,a,NA,,yes
7/13/23,EJD,merlin,iphone_12_pro,RC1,8:25,0,0,1,66,YBFL,1,a,NA,,yes
7/13/23,EJD,merlin,samsung_galaxy_tab_A,RC1,8:25,0,0,1,66,BTNW,1,a,NA,audio files,yes
7/13/23,EJD,merlin,samsung_galaxy_tab_A,RC1,8:25,0,0,1,66,YRWA,1,a,NA,,yes
7/13/23,EJD,merlin,samsung_galaxy_tab_A,RC1,8:25,0,0,1,66,NAWA,1,a,NA,,yes
7/13/23,EJD,merlin,samsung_galaxy_tab_A,RC1,8:25,0,0,1,66,COYE,1,a,NA,,yes
7/13/23,EJD,merlin,samsung_galaxy_tab_A,RC1,8:25,0,0,1,66,DEJU,1,a,NA,,yes
7/13/23,EJD,merlin,samsung_galaxy_tab_A,RC1,8:25,0,0,1,66,WTSP,1,a,NA,,yes
7/13/23,EJD,merlin,samsung_galaxy_tab_A,RC1,8:25,0,0,1,66,RBNU,1,a,NA,,yes
7/13/23,EJD,merlin,samsung_galaxy_tab_A,RC1,8:25,0,0,1,66,YBFL,1,a,NA,,yes
7/13/23,KL,playback,NA,RC1,8:25,0,0,1,66,BTNW,NA,a,NA,,NA
7/13/23,KL,playback,NA,RC1,8:25,0,0,1,66,RBNU,NA,a,NA,,NA
7/13/23,KL,playback,NA,RC1,8:25,0,0,1,66,NAWA,NA,a,NA,,NA
7/13/23,KL,playback,NA,RC1,8:25,0,0,1,66,HETH,NA,a,NA,,NA
7/13/23,KL,playback,NA,RC1,8:25,0,0,1,66,DEJU,NA,a,NA,,NA
7/13/23,KL,playback,NA,RC1,8:25,0,0,1,66,COYE,NA,a,NA,,NA
7/13/23,KL,playback,NA,RC1,8:25,0,0,1,66,YRWA,NA,a,NA,,NA
7/13/23,KL,playback,NA,RC1,8:25,0,0,1,66,WTSP,NA,a,NA,,NA
7/13/23,KL,playback,NA,RC1,8:25,0,0,1,66,YBFL,NA,a,NA,,NA
7/13/23,SB,hearing,NA,RC10,10:05,0,0,1,66,BTNW,1,a,NA,,yes
7/13/23,SB,hearing,NA,RC10,10:05,0,0,1,66,HETH,1,a,NA,,yes
7/13/23,SB,hearing,NA,RC10,10:05,0,0,1,66,BCCH,1,a,NA,,unverifiable
7/13/23,SB,hearing,NA,RC10,10:05,0,0,1,66,OVEN,1,a,NA,,yes
7/13/23,EJD,merlin,iphone_12_pro,RC10,10:05,0,0,1,66,BTNW,1,a,NA,,yes
7/13/23,EJD,merlin,iphone_12_pro,RC10,10:05,0,0,1,66,HETH,1,a,NA,,yes
7/13/23,EJD,merlin,iphone_12_pro,RC10,10:05,0,0,1,66,OVEN,1,a,NA,,yes
7/13/23,EJD,merlin,iphone_12_pro,RC10,10:05,0,0,1,66,CORA,1,a,NA,,no
7/13/23,EJD,merlin,iphone_12_pro,RC10,10:05,0,0,1,66,BTBW,1,a,NA,,yes
7/13/23,EJD,merlin,samsung_galaxy_tab_A,RC10,10:05,0,0,1,66,BTNW,1,a,NA,,yes
7/13/23,EJD,merlin,samsung_galaxy_tab_A,RC10,10:05,0,0,1,66,CORA,1,a,NA,,no
7/13/23,EJD,merlin,samsung_galaxy_tab_A,RC10,10:05,0,0,1,66,DOWO,1,a,NA,,no
7/13/23,KL,playback,NA,RC10,10:05,0,0,1,66,BTNW,NA,a,NA,,NA
7/13/23,KL,playback,NA,RC10,10:05,0,0,1,66,BTBW,NA,a,NA,,NA
7/13/23,KL,playback,NA,RC10,10:05,0,0,1,66,HETH,NA,a,NA,,NA
7/13/23,KL,playback,NA,RC10,10:05,0,0,1,66,OVEN,NA,a,NA,,NA
7/13/23,KL,playback,NA,RC10,10:05,0,0,1,66,BAWW,NA,a,NA,,NA
7/13/23,KL,playback,NA,RC10,10:05,0,0,1,66,Empidonax sp.,NA,a,NA,,NA
7/13/23,SB,hearing,NA,RC2,8:40,0,0,1,66,HETH,2,a,NA,,yes
7/13/23,SB,hearing,NA,RC2,8:40,0,0,1,66,RBNU,2,a,NA,,yes
7/13/23,SB,hearing,NA,RC2,8:40,0,0,1,66,WTSP,1,a,NA,,yes
7/13/23,SB,hearing,NA,RC2,8:40,0,0,1,66,CORA,1,a,NA,,unverifiable
7/13/23,EJD,merlin,iphone_12_pro,RC2,8:40,0,0,1,66,HETH,1,a,NA,,yes
7/13/23,EJD,merlin,iphone_12_pro,RC2,8:40,0,0,1,66,DEJU,1,a,NA,,yes
7/13/23,EJD,merlin,iphone_12_pro,RC2,8:40,0,0,1,66,WTSP,1,a,NA,,yes
7/13/23,EJD,merlin,iphone_12_pro,RC2,8:40,0,0,1,66,BTNW,1,a,NA,,yes
7/13/23,EJD,merlin,iphone_12_pro,RC2,8:40,0,0,1,66,BCCH,1,a,NA,,yes
7/13/23,EJD,merlin,iphone_12_pro,RC2,8:40,0,0,1,66,RBNU,1,a,NA,,yes
7/13/23,EJD,merlin,samsung_galaxy_tab_A,RC2,8:40,0,0,1,66,WTSP,1,a,NA,,yes
7/13/23,EJD,merlin,samsung_galaxy_tab_A,RC2,8:40,0,0,1,66,BTNW,1,a,NA,,yes
7/13/23,EJD,merlin,samsung_galaxy_tab_A,RC2,8:40,0,0,1,66,DEJU,1,a,NA,,yes
7/13/23,EJD,merlin,samsung_galaxy_tab_A,RC2,8:40,0,0,1,66,HETH,1,a,NA,,yes
7/13/23,EJD,merlin,samsung_galaxy_tab_A,RC2,8:40,0,0,1,66,BCCH,1,a,NA,,yes
7/13/23,KL,playback,NA,RC2,8:40,0,0,1,66,HETH,NA,a,NA,,NA
7/13/23,KL,playback,NA,RC2,8:40,0,0,1,66,WTSP,NA,a,NA,,NA
7/13/23,KL,playback,NA,RC2,8:40,0,0,1,66,BTNW,NA,a,NA,,NA
7/13/23,KL,playback,NA,RC2,8:40,0,0,1,66,BCCH,NA,a,NA,,NA
7/13/23,KL,playback,NA,RC2,8:40,0,0,1,66,RBNU,NA,a,NA,,NA
7/13/23,KL,playback,NA,RC2,8:40,0,0,1,66,DEJU,NA,a,NA,,NA
7/13/23,SB,hearing,NA,RC3,8:51,0,0,1,66,HETH,2,a,NA,,yes
7/13/23,SB,hearing,NA,RC3,8:51,0,0,1,66,NAWA,1,a,NA,,unverifiable
7/13/23,SB,hearing,NA,RC3,8:51,0,0,1,66,BTNW,1,a,NA,,yes
7/13/23,SB,hearing,NA,RC3,8:51,0,0,1,66,BTBW,1,a,NA,,yes
7/13/23,SB,hearing,NA,RC3,8:51,0,0,1,66,VEER,1,a,NA,,unverifiable
7/13/23,EJD,merlin,iphone_12_pro,RC3,8:51,0,0,1,66,HETH,1,a,NA,,yes
7/13/23,EJD,merlin,iphone_12_pro,RC3,8:51,0,0,1,66,BCCH,1,a,NA,,yes
7/13/23,EJD,merlin,iphone_12_pro,RC3,8:51,0,0,1,66,BTBW,1,a,NA,,yes
7/13/23,EJD,merlin,iphone_12_pro,RC3,8:51,0,0,1,66,CEDW,1,a,NA,,yes
7/13/23,EJD,merlin,samsung_galaxy_tab_A,RC3,8:51,0,0,1,66,BCCH,1,a,NA,,yes
7/13/23,EJD,merlin,samsung_galaxy_tab_A,RC3,8:51,0,0,1,66,HETH,1,a,NA,,yes
7/13/23,EJD,merlin,samsung_galaxy_tab_A,RC3,8:51,0,0,1,66,BTNW,1,a,NA,,yes
7/13/23,EJD,merlin,samsung_galaxy_tab_A,RC3,8:51,0,0,1,66,BTBW,1,a,NA,,yes
7/13/23,EJD,merlin,samsung_galaxy_tab_A,RC3,8:51,0,0,1,66,CEDW,1,a,NA,,yes
7/13/23,KL,playback,NA,RC3,8:51,0,0,1,66,BCCH,NA,a,NA,,NA
7/13/23,KL,playback,NA,RC3,8:51,0,0,1,66,HETH,NA,a,NA,,NA
7/13/23,KL,playback,NA,RC3,8:51,0,0,1,66,BTNW,NA,a,NA,,NA
7/13/23,KL,playback,NA,RC3,8:51,0,0,1,66,EWPW,NA,a,NA,,NA
7/13/23,KL,playback,NA,RC3,8:51,0,0,1,66,BTBW,NA,a,NA,,NA
7/13/23,KL,playback,NA,RC3,8:51,0,0,1,66,CEDW,NA,a,NA,,NA
7/13/23,SB,hearing,NA,RC4,9:01,0,0,1,66,HETH,1,a,NA,,yes
7/13/23,SB,hearing,NA,RC4,9:01,0,0,1,66,REVI,1,a,NA,,yes
7/13/23,SB,hearing,NA,RC4,9:01,0,0,1,66,BWHA,1,a,NA,,yes
7/13/23,EJD,merlin,iphone_12_pro,RC4,9:01,0,0,1,66,BTNW,1,a,NA,,yes
7/13/23,EJD,merlin,iphone_12_pro,RC4,9:01,0,0,1,66,WOTH,1,a,NA,,no
7/13/23,EJD,merlin,iphone_12_pro,RC4,9:01,0,0,1,66,NAWA,1,a,NA,,yes
7/13/23,EJD,merlin,iphone_12_pro,RC4,9:01,0,0,1,66,HAWO,1,a,NA,,no
7/13/23,EJD,merlin,iphone_12_pro,RC4,9:01,0,0,1,66,HETH,1,a,NA,,yes
7/13/23,EJD,merlin,iphone_12_pro,RC4,9:01,0,0,1,66,WTSP,1,a,NA,,no
7/13/23,EJD,merlin,iphone_12_pro,RC4,9:01,0,0,1,66,OVEN,1,a,NA,,yes
7/13/23,EJD,merlin,iphone_12_pro,RC4,9:01,0,0,1,66,BWHA,1,a,NA,,yes
7/13/23,EJD,merlin,iphone_12_pro,RC4,9:01,0,0,1,66,CONI,1,a,NA,,no
7/13/23,EJD,merlin,samsung_galaxy_tab_A,RC4,9:01,0,0,1,66,BTNW,1,a,NA,,yes
7/13/23,EJD,merlin,samsung_galaxy_tab_A,RC4,9:01,0,0,1,66,HETH,1,a,NA,,yes
7/13/23,EJD,merlin,samsung_galaxy_tab_A,RC4,9:01,0,0,1,66,BWHA,1,a,NA,,yes
7/13/23,EJD,merlin,samsung_galaxy_tab_A,RC4,9:01,0,0,1,66,OVEN,1,a,NA,,yes
7/13/23,EJD,merlin,samsung_galaxy_tab_A,RC4,9:01,0,0,1,66,RUBL,1,a,NA,,no
7/13/23,EJD,merlin,samsung_galaxy_tab_A,RC4,9:01,0,0,1,66,WTSP,1,a,NA,,no
7/13/23,KL,playback,NA,RC4,9:01,0,0,1,66,BTNW,NA,a,NA,,NA
7/13/23,KL,playback,NA,RC4,9:01,0,0,1,66,HETH,NA,a,NA,,NA
7/13/23,KL,playback,NA,RC4,9:01,0,0,1,66,REVI,NA,a,NA,,NA
7/13/23,KL,playback,NA,RC4,9:01,0,0,1,66,NAWA,NA,a,NA,,NA
7/13/23,KL,playback,NA,RC4,9:01,0,0,1,66,OVEN,NA,a,NA,,NA
7/13/23,KL,playback,NA,RC4,9:01,0,0,1,66,BWHA,NA,a,NA,,NA
7/13/23,SB,hearing,NA,RC5,9:10,0,0,1,66,OVEN,1,a,NA,,yes
7/13/23,SB,hearing,NA,RC5,9:10,0,0,1,66,MODO,1,v,NA,,unverifiable
7/13/23,EJD,merlin,iphone_12_pro,RC5,9:10,0,0,1,66,OVEN,1,a,NA,,yes
7/13/23,EJD,merlin,iphone_12_pro,RC5,9:10,0,0,1,66,BTNW,1,a,NA,,yes
7/13/23,EJD,merlin,iphone_12_pro,RC5,9:10,0,0,1,66,CEDW,1,a,NA,,yes
7/13/23,EJD,merlin,samsung_galaxy_tab_A,RC5,9:10,0,0,1,66,OVEN,1,a,NA,,yes
7/13/23,EJD,merlin,samsung_galaxy_tab_A,RC5,9:10,0,0,1,66,CEDW,1,a,NA,,yes
7/13/23,EJD,merlin,samsung_galaxy_tab_A,RC5,9:10,0,0,1,66,BTNW,1,a,NA,,yes
7/13/23,KL,playback,NA,RC5,9:10,0,0,1,66,OVEN,NA,a,NA,,NA
7/13/23,KL,playback,NA,RC5,9:10,0,0,1,66,BTNW,NA,a,NA,,NA
7/13/23,KL,playback,NA,RC5,9:10,0,0,1,66,CEDW,NA,a,NA,,NA
7/13/23,KL,playback,NA,RC5,9:10,0,0,1,66,DEJU,NA,a,NA,,NA
7/13/23,SB,hearing,NA,RC6,9:20,0,0,1,66,COGR,1,a,NA,,unverifiable
7/13/23,SB,hearing,NA,RC6,9:20,0,0,1,66,BTNW,1,a,NA,,yes
7/13/23,SB,hearing,NA,RC6,9:20,0,0,1,66,UNK,1,a,NA,,NA
7/13/23,SB,hearing,NA,RC6,9:20,0,0,1,66,RECR,1,a,NA,,no
7/13/23,EJD,merlin,iphone_12_pro,RC6,9:20,0,0,1,66,BTNW,1,a,NA,,yes
7/13/23,EJD,merlin,iphone_12_pro,RC6,9:20,0,0,1,66,NAWA,1,a,NA,,yes
7/13/23,EJD,merlin,iphone_12_pro,RC6,9:20,0,0,1,66,CEDW,1,a,NA,,yes
7/13/23,EJD,merlin,iphone_12_pro,RC6,9:20,0,0,1,66,WWCR,1,a,NA,,yes
7/13/23,EJD,merlin,samsung_galaxy_tab_A,RC6,9:20,0,0,1,66,BTNW,1,a,NA,,yes
7/13/23,EJD,merlin,samsung_galaxy_tab_A,RC6,9:20,0,0,1,66,NAWA,1,a,NA,,yes
7/13/23,EJD,merlin,samsung_galaxy_tab_A,RC6,9:20,0,0,1,66,WWCR,1,a,NA,,yes
7/13/23,EJD,merlin,samsung_galaxy_tab_A,RC6,9:20,0,0,1,66,GCKI,1,a,NA,,no
7/13/23,EJD,merlin,samsung_galaxy_tab_A,RC6,9:20,0,0,1,66,CEDW,1,a,NA,,yes
7/13/23,KL,playback,NA,RC6,9:20,0,0,1,66,BTNW,NA,a,NA,,NA
7/13/23,KL,playback,NA,RC6,9:20,0,0,1,66,NAWA,NA,a,NA,,NA
7/20/23,BDG,hearing,NA,RC1,10:34,0,0,1,72,BTNW,2,a,NA,,yes
7/20/23,BDG,hearing,NA,RC1,10:34,0,0,1,72,YRWA,1,a,NA,,yes
7/20/23,BDG,hearing,NA,RC1,10:34,0,0,1,72,HETH,1,a,NA,,yes
7/20/23,BDG,hearing,NA,RC1,10:34,0,0,1,72,SWTH,1,a,NA,,unverifiable
7/20/23,BDG,hearing,NA,RC1,10:34,0,0,1,72,GCKI,1,a,NA,,unverifiable
7/20/23,ZHK,merlin,iphone_14,RC1,10:34,0,0,1,72,YRWA,1,a,NA,audio files,yes
7/20/23,ZHK,merlin,iphone_14,RC1,10:34,0,0,1,72,BTNW,1,a,NA,,yes
7/20/23,ZHK,merlin,iphone_14,RC1,10:34,0,0,1,72,WTSP,1,a,NA,,yes
7/20/23,EDH,merlin,iphone_SE,RC1,10:34,0,0,1,72,YRWA,1,a,NA,audio files,yes
7/20/23,EDH,merlin,iphone_SE,RC1,10:34,0,0,1,72,BTNW,1,a,NA,,yes
7/20/23,EDH,merlin,iphone_SE,RC1,10:34,0,0,1,72,HETH,1,a,NA,,yes
7/20/23,EDH,merlin,iphone_SE,RC1,10:34,0,0,1,72,WTSP,1,a,NA,,yes
7/20/23,EJD,merlin,iphone_12_pro,RC1,10:34,0,0,1,72,YRWA,1,a,NA,audio files,yes
7/20/23,EJD,merlin,iphone_12_pro,RC1,10:34,0,0,1,72,BTNW,1,a,NA,,yes
7/20/23,EJD,merlin,iphone_12_pro,RC1,10:34,0,0,1,72,WTSP,1,a,NA,,yes
7/20/23,KL,playback,NA,RC1,10:34,0,0,1,72,BTNW,NA,a,NA,,NA
7/20/23,KL,playback,NA,RC1,10:34,0,0,1,72,YRWA,NA,a,NA,,NA
7/20/23,KL,playback,NA,RC1,10:34,0,0,1,72,HETH,NA,a,NA,,NA
7/20/23,KL,playback,NA,RC1,10:34,0,0,1,72,WTSP,NA,a,NA,,NA
7/20/23,BDG,hearing,NA,RC10,12:12,0,0,1,74,HETH,1,a,o,,yes
7/20/23,BDG,hearing,NA,RC10,12:12,0,0,1,74,BTNW,1,a,u,,yes
7/20/23,BDG,hearing,NA,RC10,12:12,0,0,1,74,REVI,1,a,o,,yes
7/20/23,ZHK,merlin,iphone_14,RC10,12:12,0,0,1,74,BTNW,1,a,NA,,yes
7/20/23,ZHK,merlin,iphone_14,RC10,12:12,0,0,1,74,HETH,1,a,NA,,yes
7/20/23,ZHK,merlin,iphone_14,RC10,12:12,0,0,1,74,REVI,1,a,NA,,yes
7/20/23,EDH,merlin,iphone_SE,RC10,12:12,0,0,1,74,HETH,1,a,NA,,yes
7/20/23,EDH,merlin,iphone_SE,RC10,12:12,0,0,1,74,BTNW,1,a,NA,,yes
7/20/23,EJD,merlin,iphone_12_pro,RC10,12:12,0,0,1,74,BTNW,1,a,NA,,yes
7/20/23,EJD,merlin,iphone_12_pro,RC10,12:12,0,0,1,74,HETH,1,a,NA,,yes
7/20/23,EJD,merlin,iphone_12_pro,RC10,12:12,0,0,1,74,BCCH,1,a,NA,,no
7/20/23,KL,playback,NA,RC10,12:12,0,0,1,74,BTNW,NA,a,NA,,NA
7/20/23,KL,playback,NA,RC10,12:12,0,0,1,74,HETH,NA,a,NA,,NA
7/20/23,KL,playback,NA,RC10,12:12,0,0,1,74,REVI,NA,a,NA,,NA
7/20/23,BDG,hearing,NA,RC2,10:46,0,0,1,72,YRWA,1,a,NA,,yes
7/20/23,BDG,hearing,NA,RC2,10:46,0,0,1,72,BTNW,1,a,NA,,yes
7/20/23,BDG,hearing,NA,RC2,10:46,0,0,1,72,REVI,1,a,NA,,yes
7/20/23,ZHK,merlin,iphone_14,RC2,10:46,0,0,1,72,YRWA,1,a,NA,,yes
7/20/23,ZHK,merlin,iphone_14,RC2,10:46,0,0,1,72,DEJU,1,a,NA,,no
7/20/23,EDH,merlin,iphone_SE,RC2,10:46,0,0,1,72,YRWA,1,a,NA,,yes
7/20/23,EJD,merlin,iphone_12_pro,RC2,10:46,0,0,1,72,YRWA,1,a,NA,,yes
7/20/23,EJD,merlin,iphone_12_pro,RC2,10:46,0,0,1,72,DEJU,1,a,NA,,no
7/20/23,KL,playback,NA,RC2,10:46,0,0,1,72,YRWA,NA,a,NA,,NA
7/20/23,KL,playback,NA,RC2,10:46,0,0,1,72,BTNW,NA,a,NA,,NA
7/20/23,KL,playback,NA,RC2,10:46,0,0,1,72,REVI,NA,a,NA,,NA
7/20/23,BDG,hearing,NA,RC3,10:57,0,0,1,72,REVI,1,a,u,,yes
7/20/23,BDG,hearing,NA,RC3,10:57,0,0,1,72,BTNW,2,a,u,,yes
7/20/23,BDG,hearing,NA,RC3,10:57,0,0,1,72,BWHA,1,a,NA,,yes
7/20/23,ZHK,merlin,iphone_14,RC3,10:57,0,0,1,72,REVI,1,a,NA,,yes
7/20/23,ZHK,merlin,iphone_14,RC3,10:57,0,0,1,72,BTNW,1,a,NA,,yes
7/20/23,EDH,merlin,iphone_SE,RC3,10:57,0,0,1,72,REVI,1,a,NA,,yes
7/20/23,EDH,merlin,iphone_SE,RC3,10:57,0,0,1,72,BTNW,1,a,NA,,yes
7/20/23,EJD,merlin,iphone_12_pro,RC3,10:57,0,0,1,72,REVI,1,a,NA,,yes
7/20/23,EJD,merlin,iphone_12_pro,RC3,10:57,0,0,1,72,BTNW,1,a,NA,,yes
7/20/23,KL,playback,NA,RC3,10:57,0,0,1,72,REVI,NA,a,NA,,NA
7/20/23,KL,playback,NA,RC3,10:57,0,0,1,72,BTNW,NA,a,NA,,NA
7/20/23,KL,playback,NA,RC3,10:57,0,0,1,72,NAWA,NA,a,NA,,NA
7/20/23,KL,playback,NA,RC3,10:57,0,0,1,72,BWHA,NA,a,NA,,NA
7/20/23,BDG,hearing,NA,RC4,11:08,0,0,2,72,BTNW,1,a,NA,,yes
7/20/23,BDG,hearing,NA,RC4,11:08,0,0,2,72,REVI,1,a,NA,,yes
7/20/23,BDG,hearing,NA,RC4,11:08,0,0,2,72,NAWA,1,a,NA,,yes
7/20/23,BDG,hearing,NA,RC4,11:08,0,0,2,72,OVEN,1,a,NA,,yes
7/20/23,ZHK,merlin,iphone_14,RC4,11:08,0,0,2,72,BTNW,1,a,NA,,yes
7/20/23,ZHK,merlin,iphone_14,RC4,11:08,0,0,2,72,REVI,1,a,NA,,yes
7/20/23,ZHK,merlin,iphone_14,RC4,11:08,0,0,2,72,NOCA,1,a,NA,,no
7/20/23,ZHK,merlin,iphone_14,RC4,11:08,0,0,2,72,NAWA,1,a,NA,,yes
7/20/23,ZHK,merlin,iphone_14,RC4,11:08,0,0,2,72,AGOL,1,a,NA,,yes
7/20/23,EDH,merlin,iphone_SE,RC4,11:08,0,0,2,72,BTNW,1,a,NA,,yes
7/20/23,EDH,merlin,iphone_SE,RC4,11:08,0,0,2,72,NAWA,1,a,NA,,yes
7/20/23,EJD,merlin,iphone_12_pro,RC4,11:08,0,0,2,72,REVI,1,a,NA,,yes
7/20/23,EJD,merlin,iphone_12_pro,RC4,11:08,0,0,2,72,BTNW,1,a,NA,,yes
7/20/23,EJD,merlin,iphone_12_pro,RC4,11:08,0,0,2,72,NOCA,1,a,NA,,no
7/20/23,EJD,merlin,iphone_12_pro,RC4,11:08,0,0,2,72,NAWA,1,a,NA,,yes
7/20/23,EJD,merlin,iphone_12_pro,RC4,11:08,0,0,2,72,AGOL,1,a,NA,,yes
7/20/23,KL,playback,NA,RC4,11:08,0,0,2,72,BTNW,NA,a,NA,,NA
7/20/23,KL,playback,NA,RC4,11:08,0,0,2,72,REVI,NA,a,NA,,NA
7/20/23,KL,playback,NA,RC4,11:08,0,0,2,72,NAWA,NA,a,NA,,NA
7/20/23,KL,playback,NA,RC4,11:08,0,0,2,72,AGOL,NA,a,NA,,NA
7/20/23,KL,playback,NA,RC4,11:08,0,0,2,72,OVEN,NA,a,NA,,NA
7/20/23,BDG,hearing,NA,RC5,11:17,0,0,1,74,HETH,2,a,NA,,yes
7/20/23,BDG,hearing,NA,RC5,11:17,0,0,1,74,MAWA,1,a,NA,,yes
7/20/23,EDH,merlin,iphone_SE,RC5,11:17,0,0,1,74,CEDW,1,a,NA,,yes
7/20/23,EJD,merlin,iphone_12_pro,RC5,11:17,0,0,1,74,HETH,1,a,NA,,yes
7/20/23,EJD,merlin,iphone_12_pro,RC5,11:17,0,0,1,74,CEDW,1,a,NA,,yes
7/20/23,KL,playback,NA,RC5,11:17,0,0,1,74,HETH,NA,a,NA,,NA
7/20/23,KL,playback,NA,RC5,11:17,0,0,1,74,BTNW,NA,a,NA,,NA
7/20/23,KL,playback,NA,RC5,11:17,0,0,1,74,CEDW,NA,a,NA,,NA
7/20/23,KL,playback,NA,RC5,11:17,0,0,1,74,MAWA,NA,a,NA,,NA
7/20/23,BDG,hearing,NA,RC6,11:30,0,0,1,74,BTNW,1,a,u,,yes
7/20/23,BDG,hearing,NA,RC6,11:30,0,0,1,74,HETH,2,a,u,,yes
7/20/23,BDG,hearing,NA,RC6,11:30,0,0,1,74,MODO,1,a,o,,yes
7/20/23,ZHK,merlin,iphone_14,RC6,11:30,0,0,1,74,BTNW,1,a,NA,,yes
7/20/23,ZHK,merlin,iphone_14,RC6,11:30,0,0,1,74,HETH,1,a,NA,,yes
7/20/23,EDH,merlin,iphone_SE,RC6,11:30,0,0,1,74,BTNW,1,a,NA,,yes
7/20/23,EDH,merlin,iphone_SE,RC6,11:30,0,0,1,74,HETH,1,a,NA,,yes
7/20/23,EJD,merlin,iphone_12_pro,RC6,11:30,0,0,1,74,BTNW,1,a,NA,,yes
7/20/23,EJD,merlin,iphone_12_pro,RC6,11:30,0,0,1,74,HETH,1,a,NA,,yes
7/20/23,KL,playback,NA,RC6,11:30,0,0,1,74,HETH,NA,a,NA,,NA
7/20/23,KL,playback,NA,RC6,11:30,0,0,1,74,BTNW,NA,a,NA,,NA
7/26/23,BDG,hearing,NA,RC1,9:55,0,0,1,70,OSPR,1,a,o,,yes
7/26/23,BDG,hearing,NA,RC1,9:55,0,0,1,70,YRWA,1,a,u,,no
7/26/23,BDG,hearing,NA,RC1,9:55,0,0,1,70,RBNU,1,a,u,,unverifiable
7/26/23,BDG,hearing,NA,RC1,9:55,0,0,1,70,WTSP,1,a,o,,unverifiable
7/26/23,BDG,hearing,NA,RC1,9:55,0,0,1,70,BCCH,1,a,u,,yes
7/26/23,EDH,merlin,iphone_SE,RC1,9:55,0,0,1,70,BAWW,1,a,NA,audio files,yes
7/26/23,EDH,merlin,iphone_SE,RC1,9:55,0,0,1,70,OSPR,1,a,NA,,yes
7/26/23,EDH,merlin,iphone_SE,RC1,9:55,0,0,1,70,BCCH,1,a,NA,,yes
7/26/23,KL,playback,NA,RC1,9:55,0,0,1,70,OSPR,NA,a,NA,,NA
7/26/23,KL,playback,NA,RC1,9:55,0,0,1,70,BAWW,NA,a,NA,,NA
7/26/23,KL,playback,NA,RC1,9:55,0,0,1,70,BTNW,NA,a,NA,,NA
7/26/23,KL,playback,NA,RC1,9:55,0,0,1,70,BCCH,NA,a,NA,,NA
7/26/23,BDG,hearing,NA,RC10,12:01,0,0,1,74,BTNW,3,a,u,,yes
7/26/23,BDG,hearing,NA,RC10,12:01,0,0,1,74,REVI,1,a,o,,yes
7/26/23,BDG,hearing,NA,RC10,12:01,0,0,1,74,GCKI,1,a,u,,yes
7/26/23,EDH,merlin,iphone_SE,RC10,12:01,0,0,1,74,BTNW,1,a,NA,,yes
7/26/23,EDH,merlin,iphone_SE,RC10,12:01,0,0,1,74,GCKI,1,a,NA,,yes
7/26/23,KL,playback,NA,RC10,12:01,0,0,1,74,GCKI,NA,a,NA,,NA
7/26/23,KL,playback,NA,RC10,12:01,0,0,1,74,REVI,NA,a,NA,,NA
7/26/23,KL,playback,NA,RC10,12:01,0,0,1,74,BTNW,NA,a,NA,,NA
7/26/23,BDG,hearing,NA,RC2,10:11,0,0,1,70,AMCR,2,a,o,,yes
7/26/23,BDG,hearing,NA,RC2,10:11,0,0,1,70,OSPR,1,a,o,,unverifiable
7/26/23,BDG,hearing,NA,RC2,10:11,0,0,1,70,REVI,1,a,o,,unverifiable
7/26/23,BDG,hearing,NA,RC2,10:11,0,0,1,70,UNK,1,a,o,,NA
7/26/23,EDH,merlin,iphone_SE,RC2,10:11,0,0,1,70,AMCR,1,a,NA,,yes
7/26/23,KL,playback,NA,RC2,10:11,0,0,1,70,AMCR,NA,a,NA,,NA
7/26/23,KL,playback,NA,RC2,10:11,0,0,1,70,HOFI,NA,a,NA,,NA
7/26/23,BDG,hearing,NA,RC3,10:24,0,0,1,70,REVI,2,a,u,,yes
7/26/23,BDG,hearing,NA,RC3,10:24,0,0,1,70,AMCR,2,a,o,,unverifiable
7/26/23,BDG,hearing,NA,RC3,10:24,0,0,1,70,BTNW,3,a,o,,yes
7/26/23,EDH,merlin,iphone_SE,RC3,10:24,0,0,1,70,REVI,1,a,NA,,yes
7/26/23,EDH,merlin,iphone_SE,RC3,10:24,0,0,1,70,BTNW,1,a,NA,,yes
7/26/23,KL,playback,NA,RC3,10:24,0,0,1,70,REVI,NA,a,NA,,NA
7/26/23,KL,playback,NA,RC3,10:24,0,0,1,70,BTNW,NA,a,NA,,NA
7/26/23,BDG,hearing,NA,RC4,10:36,0,0,1,70,BTNW,1,a,u,,yes
7/26/23,BDG,hearing,NA,RC4,10:36,0,0,1,70,NOCA,2,a,u,,no
7/26/23,BDG,hearing,NA,RC4,10:36,0,0,1,70,REVI,2,a,u,,yes
7/26/23,BDG,hearing,NA,RC4,10:36,0,0,1,70,HETH,2,a,u,,yes
7/26/23,BDG,hearing,NA,RC4,10:36,0,0,1,70,WTSP,1,a,u,,yes
7/26/23,BDG,hearing,NA,RC4,10:36,0,0,1,70,OVEN,1,a,u,,yes
7/26/23,BDG,hearing,NA,RC4,10:36,0,0,1,70,AMCR,1,a,o,,unverifiable
7/26/23,EDH,merlin,iphone_SE,RC4,10:36,0,0,1,70,REVI,1,a,NA,,yes
7/26/23,EDH,merlin,iphone_SE,RC4,10:36,0,0,1,70,BTNW,1,a,NA,,yes
7/26/23,EDH,merlin,iphone_SE,RC4,10:36,0,0,1,70,NAWA,1,a,NA,,no
7/26/23,EDH,merlin,iphone_SE,RC4,10:36,0,0,1,70,OVEN,1,a,NA,,yes
7/26/23,EDH,merlin,iphone_SE,RC4,10:36,0,0,1,70,HETH,1,a,NA,,yes
7/26/23,EDH,merlin,iphone_SE,RC4,10:36,0,0,1,70,WTSP,1,a,NA,,yes
7/26/23,KL,playback,NA,RC4,10:36,0,0,1,70,REVI,NA,a,NA,,NA
7/26/23,KL,playback,NA,RC4,10:36,0,0,1,70,BTNW,NA,a,NA,,NA
7/26/23,KL,playback,NA,RC4,10:36,0,0,1,70,OVEN,NA,a,NA,,NA
7/26/23,KL,playback,NA,RC4,10:36,0,0,1,70,HETH,NA,a,NA,,NA
7/26/23,KL,playback,NA,RC4,10:36,0,0,1,70,WTSP,NA,a,NA,,NA
7/26/23,KL,playback,NA,RC4,10:36,0,0,1,70,warbler sp.,NA,a,NA,,NA
7/26/23,BDG,hearing,NA,RC5,10:47,0,0,1,74,HETH,2,a,o,,yes
7/26/23,BDG,hearing,NA,RC5,10:47,0,0,1,74,BHVI,1,a,u,,yes
7/26/23,BDG,hearing,NA,RC5,10:47,0,0,1,74,MAWA,1,a,u,,no
7/26/23,BDG,hearing,NA,RC5,10:47,0,0,1,74,NOFL,1,a,u,,yes
7/26/23,EDH,merlin,iphone_SE,RC5,10:47,0,0,1,74,BHVI,1,a,NA,,yes
7/26/23,EDH,merlin,iphone_SE,RC5,10:47,0,0,1,74,NOFL,1,a,NA,,yes
8/3/23,EDH,hearing,NA,RC1,12:11,0,1,1,68,REVI,1,a,o,,unverifiable
8/3/23,EDH,hearing,NA,RC1,12:11,0,1,1,68,AMCR,1,a,o,,unverifiable
8/3/23,EDH,hearing,NA,RC1,12:11,0,1,1,68,CEDW,2,a,u,,yes
8/3/23,EDH,merlin,iphone_SE,RC1,12:11,0,1,1,68,CEDW,1,a,NA,,yes
8/3/23,KL,playback,NA,RC1,12:11,0,1,1,68,CEDW,NA,a,NA,,NA
8/3/23,BDG,hearing,NA,RC10,10:41,0,1,1,64,REVI,1,a,o,,yes
8/3/23,EDH,merlin,iphone_SE,RC10,10:41,0,1,1,64,none,NA,NA,NA,,NA
8/3/23,KL,playback,NA,RC10,10:41,0,1,1,64,REVI,NA,a,NA,,NA
8/3/23,BDG,merlin,iphone_14,RC2,12:22,0,1,1,68,BCCH,1,a,NA,,yes
8/3/23,EDH,hearing,NA,RC2,12:22,0,1,1,68,BCCH,2,a,u,,yes
8/3/23,EDH,hearing,NA,RC2,12:22,0,1,1,68,RBNU,1,a,o,,unverifiable
8/3/23,EDH,hearing,NA,RC2,12:22,0,1,1,68,UNK,1,a,u,,NA
8/3/23,EDH,hearing,NA,RC2,12:22,0,1,1,68,WTSP,1,a,o,,unverifiable
8/3/23,EDH,hearing,NA,RC2,12:22,0,1,1,68,UNK,1,a,o,,NA
8/3/23,KL,playback,NA,RC2,12:22,0,1,1,68,GCKI,NA,a,NA,,NA
8/3/23,KL,playback,NA,RC2,12:22,0,1,1,68,BCCH,NA,a,NA,,NA
8/3/23,BDG,hearing,NA,RC3,12:12,0,1,1,68,REVI,1,a,u,,yes
8/3/23,BDG,hearing,NA,RC3,12:12,0,1,1,68,BTNW,1,a,o,,yes
8/3/23,BDG,merlin,iphone_14,RC3,12:12,0,1,1,68,REVI,1,a,NA,audio files,yes
8/3/23,KL,playback,NA,RC3,12:12,0,1,1,68,REVI,NA,a,NA,,NA
8/3/23,KL,playback,NA,RC3,12:12,0,1,1,68,BTNW,NA,a,NA,,NA
8/3/23,BDG,hearing,NA,RC4,12:02,0,1,1,68,none,NA,NA,NA,,NA
8/3/23,BDG,merlin,iphone_14,RC4,12:02,0,1,1,68,none,NA,NA,NA,audio files,NA
8/3/23,KL,playback,NA,RC4,12:02,0,1,1,68,none,NA,NA,NA,,NA
8/7/23,BDG,hearing,NA,RC1,10:15,1,0,0,71,BWHA,1,a,o,,yes
8/7/23,BDG,hearing,NA,RC1,10:15,1,0,0,71,MODO,1,a,o,,unverifiable
8/7/23,BDG,hearing,NA,RC1,10:15,1,0,0,71,REVI,1,a,o,,no
8/7/23,JMK,merlin,iphone_14,RC1,10:15,1,0,0,71,none,NA,NA,NA,,NA
8/7/23,ZHK,merlin,iphone_14,RC1,10:15,1,0,0,71,none,NA,NA,NA,,NA
8/7/23,KL,playback,NA,RC1,10:15,1,0,0,71,BWHA,NA,a,NA,,NA
8/7/23,KL,playback,NA,RC1,10:15,1,0,0,71,BHVI,NA,a,NA,,NA
8/7/23,BDG,hearing,NA,RC10,8:30,1,0,0,67,HETH,2,a,u,,yes
8/7/23,BDG,hearing,NA,RC10,8:30,1,0,0,67,REVI,1,a,u,,yes
8/7/23,BDG,hearing,NA,RC10,8:30,1,0,0,67,NOPA,1,a,o,,yes
8/7/23,BDG,hearing,NA,RC10,8:30,1,0,0,67,UNK,1,a,u,,NA
8/7/23,JMK,merlin,iphone_14,RC10,8:30,1,0,0,71,REVI,1,a,NA,,yes
8/7/23,JMK,merlin,iphone_14,RC10,8:30,1,0,0,71,HETH,1,a,NA,,yes
8/7/23,JMK,merlin,iphone_14,RC10,8:30,1,0,0,71,WOTH,1,a,NA,,no
8/7/23,ZHK,merlin,iphone_14,RC10,8:30,1,0,0,71,HETH,1,a,NA,,yes
8/7/23,ZHK,merlin,iphone_14,RC10,8:30,1,0,0,71,REVI,1,a,NA,,yes
8/7/23,KL,playback,NA,RC10,8:30,1,0,0,71,warbler sp.,NA,a,NA,,NA
8/7/23,KL,playback,NA,RC10,8:30,1,0,0,71,REVI,NA,a,NA,,NA
8/7/23,KL,playback,NA,RC10,8:30,1,0,0,71,HETH,NA,a,NA,,NA
8/7/23,KL,playback,NA,RC10,8:30,1,0,0,71,NOPA,NA,a,NA,,NA
8/7/23,BDG,hearing,NA,RC2,10:05,1,0,0,71,MODO,1,a,o,,unverifiable
8/7/23,BDG,hearing,NA,RC2,10:05,1,0,0,71,UNK,1,a,u,probably the red crossbill?,NA
8/7/23,BDG,hearing,NA,RC2,10:05,1,0,0,71,REVI,1,a,o,,no
8/7/23,JMK,merlin,iphone_14,RC2,10:05,1,0,0,71,none,NA,NA,NA,,NA
8/7/23,ZHK,merlin,iphone_14,RC2,10:05,1,0,0,71,none,NA,NA,NA,,NA
8/7/23,KL,playback,NA,RC2,10:05,1,0,0,71,RECR,NA,a,NA,,NA
8/7/23,KL,playback,NA,RC2,10:05,1,0,0,71,BHVI,NA,a,NA,,NA
8/7/23,BDG,hearing,NA,RC3,9:53,1,0,0,71,REVI,1,a,o,,yes
8/7/23,BDG,hearing,NA,RC3,9:53,1,0,0,71,MODO,1,a,o,,yes
8/7/23,BDG,hearing,NA,RC3,9:53,1,0,0,71,UNK,1,a,u,,NA
8/7/23,BDG,hearing,NA,RC3,9:53,1,0,0,71,RBNU,1,a,o,,unverifiable
8/7/23,JMK,merlin,iphone_14,RC3,9:53,1,0,0,67,BHVI,1,a,NA,audio files,yes
8/7/23,JMK,merlin,iphone_14,RC3,9:53,1,0,0,67,GCKI,1,a,NA,,yes
8/7/23,JMK,merlin,iphone_14,RC3,9:53,1,0,0,67,MODO,1,a,NA,,yes
8/7/23,ZHK,merlin,iphone_14,RC3,9:53,1,0,0,67,BHVI,1,a,NA,audio files,yes
8/7/23,ZHK,merlin,iphone_14,RC3,9:53,1,0,0,67,GCKI,1,a,NA,,yes
8/7/23,KL,playback,NA,RC3,9:53,1,0,0,67,REVI,NA,a,NA,,NA
8/7/23,KL,playback,NA,RC3,9:53,1,0,0,67,MODO,NA,a,NA,,NA
8/7/23,KL,playback,NA,RC3,9:53,1,0,0,67,BHVI,NA,a,NA,,NA
8/7/23,KL,playback,NA,RC3,9:53,1,0,0,67,GCKI,NA,a,NA,,NA
8/7/23,BDG,hearing,NA,RC4,9:36,1,0,0,71,BCCH,4,a,u,,yes
8/7/23,BDG,hearing,NA,RC4,9:36,1,0,0,71,MODO,1,a,o,,unverifiable
8/7/23,BDG,hearing,NA,RC4,9:36,1,0,0,71,REVI,1,a,o,,yes
8/7/23,BDG,hearing,NA,RC4,9:36,1,0,0,71,RBNU,1,a,u,,yes
8/7/23,JMK,merlin,iphone_14,RC4,9:36,1,0,0,67,BCCH,1,a,NA,,yes
8/7/23,JMK,merlin,iphone_14,RC4,9:36,1,0,0,67,REVI,1,a,NA,,yes
8/7/23,JMK,merlin,iphone_14,RC4,9:36,1,0,0,67,YRWA,1,a,NA,,yes
8/7/23,ZHK,merlin,iphone_14,RC4,9:36,1,0,0,67,BCCH,1,a,NA,,yes
8/7/23,KL,playback,NA,RC4,9:36,1,0,0,67,BCCH,NA,a,NA,,NA
8/7/23,KL,playback,NA,RC4,9:36,1,0,0,67,REVI,NA,a,NA,,NA
8/7/23,KL,playback,NA,RC4,9:36,1,0,0,67,RBNU,NA,a,NA,,NA
8/7/23,KL,playback,NA,RC4,9:36,1,0,0,67,YRWA,NA,a,NA,,NA
8/7/23,BDG,hearing,NA,RC5,9:27,1,0,0,71,AMCR,1,v,u,,unverifiable
8/7/23,BDG,hearing,NA,RC5,9:27,1,0,0,71,UNK,1,a,u,,NA
8/7/23,BDG,hearing,NA,RC5,9:27,1,0,0,71,REVI,1,a,u,,yes
8/7/23,BDG,hearing,NA,RC5,9:27,1,0,0,71,NOFL,1,a,u,,no
8/7/23,JMK,merlin,iphone_14,RC5,9:27,1,0,0,71,none,NA,NA,NA,,NA
8/7/23,ZHK,merlin,iphone_14,RC5,9:27,1,0,0,71,none,NA,NA,NA,,NA
8/16/23,BDG,hearing,NA,RC1,6:43,2,0,1,60,AMCR,1,a,o,,unverifiable
8/16/23,BDG,hearing,NA,RC1,6:43,2,0,1,60,REVI,1,a,o,,unverifiable
8/16/23,BDG,hearing,NA,RC1,6:43,2,0,1,60,RBNU,1,a,o,,unverifiable
8/16/23,EJD,merlin,iphone_12_pro,RC1,6:43,2,0,1,60,none,NA,NA,NA,,NA
8/16/23,KL,playback,NA,RC1,6:43,2,0,1,60,none,NA,NA,NA,,NA
8/16/23,BDG,hearing,NA,RC10,8:27,2,0,1,61,BCCH,1,a,o,,yes
8/16/23,BDG,hearing,NA,RC10,8:27,2,0,1,61,REVI,1,a,o,,yes
8/16/23,BDG,hearing,NA,RC10,8:27,2,0,1,61,NOFL,1,a,o,,unverifiable
8/16/23,BDG,hearing,NA,RC10,8:27,2,0,1,61,CEDW,1,a,o,,yes
8/16/23,EJD,merlin,iphone_12_pro,RC10,8:27,2,0,1,61,REVI,1,a,NA,,yes
8/16/23,EJD,merlin,iphone_12_pro,RC10,8:27,2,0,1,61,CEDW,1,a,NA,,yes
8/16/23,KL,playback,NA,RC10,8:27,2,0,1,61,warbler sp.,NA,a,NA,,NA
8/16/23,KL,playback,NA,RC10,8:27,2,0,1,61,REVI,NA,a,NA,,NA
8/16/23,KL,playback,NA,RC10,8:27,2,0,1,61,BCCH,NA,a,NA,,NA
8/16/23,KL,playback,NA,RC10,8:27,2,0,1,61,CEDW,NA,a,NA,,NA
8/16/23,BDG,hearing,NA,RC2,6:50,2,0,1,60,RBNU,1,a,u,,yes
8/16/23,BDG,hearing,NA,RC2,6:50,2,0,1,60,HERG,1,a,o,,unverifiable
8/16/23,BDG,hearing,NA,RC2,6:50,2,0,1,60,AMCR,2,a,o,,unverifiable
8/16/23,BDG,hearing,NA,RC2,6:50,2,0,1,60,CEDW,3,a,u,,no
8/16/23,EJD,merlin,iphone_12_pro,RC2,6:50,2,0,1,60,BRCR,1,a,NA,audio files,yes
8/16/23,EJD,merlin,iphone_12_pro,RC2,6:50,2,0,1,60,RBNU,1,a,NA,,yes
8/16/23,KL,playback,NA,RC2,6:50,2,0,1,60,BRCR,NA,a,NA,,NA
8/16/23,KL,playback,NA,RC2,6:50,2,0,1,60,RBNU,NA,a,NA,,NA
8/16/23,BDG,hearing,NA,RC3,7:02,2,0,1,60,BCCH,1,a,o,,unverifiable
8/16/23,BDG,hearing,NA,RC3,7:02,2,0,1,60,REVI,1,a,u,,yes
8/16/23,BDG,hearing,NA,RC3,7:02,2,0,1,60,CEDW,1,a,u,,no
8/16/23,EJD,merlin,iphone_12_pro,RC3,7:02,2,0,1,60,HETH,1,a,NA,,yes
8/16/23,EJD,merlin,iphone_12_pro,RC3,7:02,2,0,1,60,REVI,1,a,NA,,yes
8/16/23,EJD,merlin,iphone_12_pro,RC3,7:02,2,0,1,60,BRCR,1,a,NA,,no
8/16/23,KL,playback,NA,RC3,7:02,2,0,1,60,HETH,NA,a,NA,,NA
8/16/23,KL,playback,NA,RC3,7:02,2,0,1,60,REVI,NA,a,NA,,NA
8/16/23,KL,playback,NA,RC3,7:02,2,0,1,60,warbler sp.,NA,a,NA,Three calls in sequence,NA
8/16/23,KL,playback,NA,RC3,7:02,2,0,1,60,AMRO,NA,a,NA,,NA
8/16/23,BDG,hearing,NA,RC4,7:20,2,0,1,60,DEJU,1,a,o,,unverifiable
8/16/23,BDG,hearing,NA,RC4,7:20,2,0,1,60,BCCH,1,a,o,,yes
8/16/23,BDG,hearing,NA,RC4,7:20,2,0,1,60,AMRO,1,a,u,,yes
8/16/23,EJD,merlin,iphone_12_pro,RC4,7:20,2,0,1,60,none,NA,NA,NA,,NA
8/16/23,KL,playback,NA,RC4,7:20,2,0,1,60,BCCH,NA,a,NA,,NA
8/16/23,KL,playback,NA,RC4,7:20,2,0,1,60,bird sp.,NA,a,NA,"sharp, higher call note",NA
8/16/23,KL,playback,NA,RC4,7:20,2,0,1,60,AMRO,NA,a,NA,,NA
8/16/23,BDG,hearing,NA,RC5,7:27,2,0,1,61,AMRO,3,a,u,,yes
8/16/23,BDG,hearing,NA,RC5,7:27,2,0,1,61,BCCH,2,a,o,,yes
8/16/23,BDG,hearing,NA,RC5,7:27,2,0,1,61,EAKI,6,a,u,,yes
8/16/23,EJD,merlin,iphone_12_pro,RC5,7:27,2,0,1,61,AMRO,1,a,NA,,yes
8/24/23,EDH,hearing,NA,RC1,6:53,0,0,1,59,HETH,1,a,o,,unverifiable
8/24/23,EDH,hearing,NA,RC1,6:53,0,0,1,59,AMCR,1,a,o,,unverifiable
8/24/23,AB,merlin,iphone_13_mini,RC1,6:53,0,0,1,59,none,NA,NA,NA,,NA
8/24/23,KL,playback,NA,RC1,6:53,0,0,1,59,PUFI,NA,a,NA,,NA
8/24/23,AB,merlin,iphone_13_mini,RC10,8:44,0,1,2,61,CEDW,1,a,NA,,yes
8/24/23,AB,merlin,iphone_13_mini,RC10,8:44,0,1,2,61,OVEN,1,a,NA,,no
8/24/23,EDH,hearing,NA,RC10,8:44,0,1,2,61,GCKI,1,a,u,,no
8/24/23,EDH,hearing,NA,RC10,8:44,0,1,2,61,CEDW,1,v,u,,yes
8/24/23,EDH,hearing,NA,RC10,8:44,0,1,2,61,UNK,1,a,u,,NA
8/24/23,EDH,hearing,NA,RC10,8:44,0,1,2,61,MODO,1,a,o,,unverifiable
8/24/23,EDH,hearing,NA,RC10,8:44,0,1,2,61,UNK,1,a,u,,NA
8/24/23,KL,playback,NA,RC10,8:44,0,1,2,61,CEDW,NA,a,NA,,NA
8/24/23,KL,playback,NA,RC10,8:44,0,1,2,61,AMRO,NA,a,NA,,NA
8/24/23,KL,playback,NA,RC10,8:44,0,1,2,61,warbler sp.,NA,a,NA,,NA
8/24/23,AB,merlin,iphone_13_mini,RC2,7:05,0,0,1,59,AMCR,1,a,NA,,yes
8/24/23,EDH,hearing,NA,RC2,7:05,0,0,1,59,AMCR,2,a,o,,yes
8/24/23,EDH,hearing,NA,RC2,7:05,0,0,1,59,GCKI,1,a,u,,yes
8/24/23,EDH,hearing,NA,RC2,7:05,0,0,1,59,UNK,1,a,u,,NA
8/24/23,KL,playback,NA,RC2,7:05,0,0,1,59,AMCR,NA,a,NA,,NA
8/24/23,KL,playback,NA,RC2,7:05,0,0,1,59,GCKI,NA,a,NA,,NA
8/24/23,KL,playback,NA,RC2,7:05,0,0,1,59,YRWA,NA,a,NA,,NA
8/24/23,KL,playback,NA,RC2,7:05,0,0,1,59,warbler sp.,NA,a,NA,,NA
8/24/23,AB,merlin,iphone_13_mini,RC3,7:17,0,1,1,59,AMCR,1,a,NA,,yes
8/24/23,EDH,hearing,NA,RC3,7:17,0,1,1,59,AMCR,1,a,o,,yes
8/24/23,EDH,hearing,NA,RC3,7:17,0,1,1,59,UNK,1,a,o,,NA
8/24/23,EDH,hearing,NA,RC3,7:17,0,1,1,59,MODO,1,a,o,,unverifiable
8/24/23,KL,playback,NA,RC3,7:17,0,1,1,59,AMCR,NA,a,NA,,NA
8/24/23,KL,playback,NA,RC3,7:17,0,1,1,59,CORA,NA,a,NA,,NA
8/24/23,AB,merlin,iphone_13_mini,RC4,7:28,0,1,1,59,REVI,1,a,NA,,yes
8/24/23,AB,merlin,iphone_13_mini,RC4,7:28,0,1,1,59,DOWO,1,a,NA,,no
8/24/23,AB,merlin,iphone_13_mini,RC4,7:28,0,1,1,59,HAWO,1,a,NA,,no
8/24/23,EDH,hearing,NA,RC4,7:28,0,1,1,59,REVI,1,a,u,,yes
8/24/23,EDH,hearing,NA,RC4,7:28,0,1,1,59,UNK,1,a,u,,NA
8/24/23,EDH,hearing,NA,RC4,7:28,0,1,1,59,UNK,1,v,u,,NA
8/24/23,EDH,hearing,NA,RC4,7:28,0,1,1,59,UNK,1,a,u,,NA
8/24/23,KL,playback,NA,RC4,7:28,0,1,1,59,REVI,NA,a,NA,,NA
8/24/23,KL,playback,NA,RC4,7:28,0,1,1,59,warbler sp.,NA,a,NA,,NA
8/24/23,KL,playback,NA,RC4,7:28,0,1,1,59,SWTH,NA,a,NA,,NA
8/24/23,AB,merlin,iphone_13_mini,RC5,7:41,0,1,1,61,AMCR,1,a,NA,,yes
8/24/23,AB,merlin,iphone_13_mini,RC5,7:41,0,1,1,61,DOWO,1,a,NA,,yes
8/24/23,EDH,hearing,NA,RC5,7:41,0,1,1,61,AMCR,1,a,o,,yes
8/24/23,EDH,hearing,NA,RC5,7:41,0,1,1,61,UNK,1,a,u,,NA
8/24/23,EDH,hearing,NA,RC5,7:41,0,1,1,61,HAWO,1,a,u,,yes
8/24/23,EDH,hearing,NA,RC5,7:41,0,1,1,61,MODO,1,a,o,,unverifiable
8/24/23,KL,playback,NA,RC5,7:41,0,1,1,61,LEFL,NA,a,NA,,NA
8/24/23,KL,playback,NA,RC5,7:41,0,1,1,61,warbler sp.,NA,a,NA,,NA
8/24/23,KL,playback,NA,RC5,7:41,0,1,1,61,AMCR,NA,a,NA,,NA
8/24/23,KL,playback,NA,RC5,7:41,0,1,1,61,HAWO,NA,a,NA,,NA
8/24/23,KL,playback,NA,RC5,7:41,0,1,1,61,DOWO,NA,a,NA,,NA
9/3/23,BDG,hearing,NA,RC1,7:40,1,0,1,60,AGOL,1,a,u,,yes
9/3/23,BDG,hearing,NA,RC1,7:40,1,0,1,60,RBNU,1,a,o,,yes
9/3/23,BDG,hearing,NA,RC1,7:40,1,0,1,60,BLJA,1,a,u,,yes
9/3/23,BDG,hearing,NA,RC1,7:40,1,0,1,60,GCKI,1,a,u,,no
9/3/23,KPM,merlin,iphone_13,RC1,7:40,1,0,1,60,none,NA,NA,NA,,NA
9/3/23,KL,playback,NA,RC1,7:40,1,0,1,60,AGOL,NA,a,NA,,NA
9/3/23,KL,playback,NA,RC1,7:40,1,0,1,60,BRCR,NA,a,NA,,NA
9/3/23,KL,playback,NA,RC1,7:40,1,0,1,60,BLJA,NA,a,NA,,NA
9/3/23,KL,playback,NA,RC1,7:40,1,0,1,60,RBNU,NA,a,NA,,NA
9/3/23,BDG,hearing,NA,RC10,9:32,1,0,1,65,RBNU,2,a,u,,yes
9/3/23,KPM,merlin,iphone_13,RC10,9:32,1,0,1,65,RBNU,1,a,NA,,yes
9/3/23,KL,playback,NA,RC10,9:32,1,0,1,65,RBNU,NA,a,NA,,NA
9/3/23,KL,playback,NA,RC10,9:32,1,0,1,65,bird sp.,NA,a,NA,,NA
9/3/23,BDG,hearing,NA,RC2,7:52,1,0,1,60,BCCH,4,a,u,,yes
9/3/23,BDG,hearing,NA,RC2,7:52,1,0,1,60,REVI,1,a,u,,unverifiable
9/3/23,BDG,hearing,NA,RC2,7:52,1,0,1,60,AGOL,1,a,u,,yes
9/3/23,BDG,hearing,NA,RC2,7:52,1,0,1,60,BTNW,1,a,u,,yes
9/3/23,KPM,merlin,iphone_13,RC2,7:52,1,0,1,60,BCCH,1,a,NA,audio files,yes
9/3/23,KPM,merlin,iphone_13,RC2,7:52,1,0,1,60,AGOL,1,a,NA,,yes
9/3/23,KL,playback,NA,RC2,7:52,1,0,1,60,BCCH,NA,a,NA,,NA
9/3/23,KL,playback,NA,RC2,7:52,1,0,1,60,BTNW,NA,a,NA,,NA
9/3/23,KL,playback,NA,RC2,7:52,1,0,1,60,AGOL,NA,a,NA,,NA
9/3/23,BDG,hearing,NA,RC3,8:07,1,0,1,60,REVI,1,a,o,,unverifiable
9/3/23,BDG,hearing,NA,RC3,8:07,1,0,1,60,BLJA,1,a,o,,unverifiable
9/3/23,BDG,hearing,NA,RC3,8:07,1,0,1,60,GCKI,1,a,o,,unverifiable
9/3/23,KPM,merlin,iphone_13,RC3,8:07,1,0,1,60,none,NA,NA,NA,,NA
9/3/23,KL,playback,NA,RC3,8:07,1,0,1,60,none,NA,NA,NA,,NA
9/3/23,BDG,hearing,NA,RC4,8:21,1,0,1,60,BLJA,2,a,u,,yes
9/3/23,BDG,hearing,NA,RC4,8:21,1,0,1,60,BCCH,3,a,u,,yes
9/3/23,BDG,hearing,NA,RC4,8:21,1,0,1,60,MAWA,1,a,o,,unverifiable
9/3/23,BDG,hearing,NA,RC4,8:21,1,0,1,60,BAWW,1,a,o,,yes
9/3/23,KPM,merlin,iphone_13,RC4,8:21,1,0,1,60,BLJA,1,a,NA,,yes
9/3/23,KPM,merlin,iphone_13,RC4,8:21,1,0,1,60,BCCH,1,a,NA,,yes
9/3/23,KPM,merlin,iphone_13,RC4,8:21,1,0,1,60,BAWW,1,a,NA,,yes
9/3/23,KL,playback,NA,RC4,8:21,1,0,1,60,BLJA,NA,a,NA,,NA
9/3/23,KL,playback,NA,RC4,8:21,1,0,1,60,BCCH,NA,a,NA,,NA
9/3/23,KL,playback,NA,RC4,8:21,1,0,1,60,HAWO,NA,a,NA,,NA
9/10/23,BDG,hearing,NA,RC1,7:23,1,1,1,65,CORA,1,a,o,,yes
9/10/23,BDG,hearing,NA,RC1,7:23,1,1,1,65,BRCR,1,a,u,,no
9/10/23,ZHK,merlin,iphone_14,RC1,7:23,1,1,1,65,CORA,1,a,NA,audio files,yes
9/10/23,ZHK,merlin,iphone_14,RC1,7:23,1,1,1,65,GCKI,1,a,NA,,yes
9/10/23,KL,playback,NA,RC1,7:23,1,1,1,65,CORA,NA,a,NA,,NA
9/10/23,KL,playback,NA,RC1,7:23,1,1,1,65,warbler sp.,NA,a,NA,,NA
9/10/23,KL,playback,NA,RC1,7:23,1,1,1,65,GCKI,NA,a,NA,,NA
9/10/23,BDG,hearing,NA,RC10,9:00,1,1,1,66,BCCH,2,a,u,,yes
9/10/23,BDG,hearing,NA,RC10,9:00,1,1,1,66,AMRO,1,a,u,,yes
9/10/23,BDG,hearing,NA,RC10,9:00,1,1,1,66,RBNU,1,a,o,,yes
9/10/23,ZHK,merlin,iphone_14,RC10,9:00,1,1,1,66,AMRO,1,a,NA,,yes
9/10/23,ZHK,merlin,iphone_14,RC10,9:00,1,1,1,66,BCCH,1,a,NA,,yes
9/10/23,ZHK,merlin,iphone_14,RC10,9:00,1,1,1,66,GCKI,1,a,NA,,yes
9/10/23,ZHK,merlin,iphone_14,RC10,9:00,1,1,1,66,RBNU,1,a,NA,,yes
9/10/23,KL,playback,NA,RC10,9:00,1,1,1,66,BCCH,NA,a,NA,,NA
9/10/23,KL,playback,NA,RC10,9:00,1,1,1,66,AMRO,NA,a,NA,,NA
9/10/23,KL,playback,NA,RC10,9:00,1,1,1,66,GCKI,NA,a,NA,,NA
9/10/23,KL,playback,NA,RC10,9:00,1,1,1,66,RBNU,NA,a,NA,,NA
9/10/23,BDG,hearing,NA,RC2,7:40,1,1,1,65,BCCH,1,a,u,,yes
9/10/23,BDG,hearing,NA,RC2,7:40,1,1,1,65,WTSP,1,a,u,,yes
9/10/23,ZHK,merlin,iphone_14,RC2,7:40,1,1,1,65,WTSP,1,a,NA,,yes
9/10/23,ZHK,merlin,iphone_14,RC2,7:40,1,1,1,65,BCCH,1,a,NA,,yes
9/10/23,ZHK,merlin,iphone_14,RC2,7:40,1,1,1,65,SWSP,1,a,NA,,no
9/10/23,KL,playback,NA,RC2,7:40,1,1,1,65,BCCH,NA,a,NA,,NA
9/10/23,KL,playback,NA,RC2,7:40,1,1,1,65,WTSP,NA,a,NA,,NA
9/10/23,KL,playback,NA,RC2,7:40,1,1,1,65,AMCR,NA,a,NA,,NA
9/10/23,BDG,hearing,NA,RC3,7:50,1,1,1,65,BCCH,3,a,u,,yes
9/10/23,BDG,hearing,NA,RC3,7:50,1,1,1,65,UNK,1,a,u,,NA
9/10/23,BDG,hearing,NA,RC3,7:50,1,1,1,65,AMCR,1,a,o,,unverifiable
9/10/23,BDG,hearing,NA,RC3,7:50,1,1,1,65,RBNU,1,a,u,,yes
9/10/23,ZHK,merlin,iphone_14,RC3,7:50,1,1,1,65,RBNU,1,a,NA,,yes
9/10/23,KL,playback,NA,RC3,7:50,1,1,1,65,BCCH,NA,a,NA,,NA
9/10/23,KL,playback,NA,RC3,7:50,1,1,1,65,RBNU,NA,a,NA,,NA
9/10/23,BDG,hearing,NA,RC4,8:00,1,1,1,65,BCCH,3,a,u,,yes
9/10/23,BDG,hearing,NA,RC4,8:00,1,1,1,65,AMCR,1,a,o,,unverifiable
9/10/23,BDG,hearing,NA,RC4,8:00,1,1,1,65,AGOL,2,a,u,,yes
9/10/23,BDG,hearing,NA,RC4,8:00,1,1,1,65,RBNU,1,a,o,,unverifiable
9/10/23,ZHK,merlin,iphone_14,RC4,8:00,1,1,1,65,BCCH,1,a,NA,,yes
9/15/23,KPM,merlin,iphone_13,RC1,6:57,0,0,1,54,HAWO,1,a,NA,audio files,yes
9/15/23,AB,merlin,iphone_13_mini,RC1,6:57,0,0,1,54,HAWO,1,a,NA,audio files,yes
9/15/23,BDG,hearing,NA,RC1,6:57,0,0,1,54,RBNU,1,a,o,,unverifiable
9/15/23,BDG,hearing,NA,RC1,6:57,0,0,1,54,HAWO,1,a,u,,yes
9/15/23,BDG,hearing,NA,RC1,6:57,0,0,1,54,BADO,1,v,u,,unverifiable
9/15/23,KL,playback,NA,RC1,6:57,0,0,1,54,HAWO,NA,a,NA,,NA
9/15/23,KL,playback,NA,RC1,6:57,0,0,1,54,warbler sp.,NA,a,NA,,NA
9/15/23,BDG,hearing,NA,RC10,8:30,0,0,1,56,BCCH,2,a,u,,no
9/15/23,KPM,merlin,iphone_13,RC10,8:30,0,0,1,56,none,NA,NA,NA,,NA
9/15/23,AB,merlin,iphone_13_mini,RC10,8:30,0,0,1,56,none,NA,NA,NA,,NA
9/15/23,KL,playback,NA,RC10,8:30,0,0,1,56,warbler sp.,NA,a,NA,,NA
9/15/23,KL,playback,NA,RC10,8:30,0,0,1,56,YRWA,NA,a,NA,,NA
9/15/23,KPM,merlin,iphone_13,RC2,7:08,0,0,1,54,GCKI,1,a,NA,,yes
9/15/23,KPM,merlin,iphone_13,RC2,7:08,0,0,1,54,COYE,1,a,NA,,yes
9/15/23,KPM,merlin,iphone_13,RC2,7:08,0,0,1,54,BLPW,1,a,NA,,unverifiable
9/15/23,KPM,merlin,iphone_13,RC2,7:08,0,0,1,54,BCCH,1,a,NA,,yes
9/15/23,KPM,merlin,iphone_13,RC2,7:08,0,0,1,54,INBU,1,a,NA,,no
9/15/23,KPM,merlin,iphone_13,RC2,7:08,0,0,1,54,RBNU,1,a,NA,,yes
9/15/23,KPM,merlin,iphone_13,RC2,7:08,0,0,1,54,WTSP,1,a,NA,,no
9/15/23,AB,merlin,iphone_13_mini,RC2,7:08,0,0,1,54,GCKI,1,a,NA,,yes
9/15/23,AB,merlin,iphone_13_mini,RC2,7:08,0,0,1,54,COYE,1,a,NA,,yes
9/15/23,AB,merlin,iphone_13_mini,RC2,7:08,0,0,1,54,RBNU,1,a,NA,,yes
9/15/23,AB,merlin,iphone_13_mini,RC2,7:08,0,0,1,54,BLPW,1,a,NA,,unverifiable
9/15/23,AB,merlin,iphone_13_mini,RC2,7:08,0,0,1,54,BCCH,1,a,NA,,yes
9/15/23,AB,merlin,iphone_13_mini,RC2,7:08,0,0,1,54,YRWA,1,a,NA,,yes
9/15/23,BDG,hearing,NA,RC2,7:08,0,0,1,54,GCKI,1,a,u,,yes
9/15/23,BDG,hearing,NA,RC2,7:08,0,0,1,54,COYE,1,a,u,,yes
9/15/23,BDG,hearing,NA,RC2,7:08,0,0,1,54,RBNU,1,a,u,,yes
9/15/23,BDG,hearing,NA,RC2,7:08,0,0,1,54,BCCH,2,a,u,,yes
9/15/23,KL,playback,NA,RC2,7:08,0,0,1,54,GCKI,NA,a,NA,,NA
9/15/23,KL,playback,NA,RC2,7:08,0,0,1,54,COYE,NA,a,NA,,NA
9/15/23,KL,playback,NA,RC2,7:08,0,0,1,54,RBNU,NA,a,NA,,NA
9/15/23,KL,playback,NA,RC2,7:08,0,0,1,54,YRWA,NA,a,NA,,NA
9/15/23,KL,playback,NA,RC2,7:08,0,0,1,54,warbler sp.,NA,a,NA,,NA
9/15/23,KL,playback,NA,RC2,7:08,0,0,1,54,BCCH,NA,a,NA,,NA
9/15/23,KPM,merlin,iphone_13,RC3,7:18,0,0,1,54,AGOL,1,a,NA,,yes
9/15/23,KPM,merlin,iphone_13,RC3,7:18,0,0,1,54,BLJA,1,a,NA,,no
9/15/23,AB,merlin,iphone_13_mini,RC3,7:18,0,0,1,54,AGOL,1,a,NA,used to be AMGO,yes
9/15/23,AB,merlin,iphone_13_mini,RC3,7:18,0,0,1,54,AMPI,1,a,NA,,yes
9/15/23,AB,merlin,iphone_13_mini,RC3,7:18,0,0,1,54,GRCA,1,a,NA,,yes
9/15/23,AB,merlin,iphone_13_mini,RC3,7:18,0,0,1,54,BAWW,1,a,NA,,no
9/15/23,BDG,hearing,NA,RC3,7:18,0,0,1,54,UNK,1,a,u,,NA
9/15/23,BDG,hearing,NA,RC3,7:18,0,0,1,54,AGOL,1,a,u,,yes
9/15/23,BDG,hearing,NA,RC3,7:18,0,0,1,54,GRCA,1,a,u,,yes
9/15/23,BDG,hearing,NA,RC3,7:18,0,0,1,54,GCKI,1,a,o,,unverifiable
9/15/23,BDG,hearing,NA,RC3,7:18,0,0,1,54,AMCR,2,a,o,,unverifiable
9/15/23,KL,playback,NA,RC3,7:18,0,0,1,54,AGOL,NA,a,NA,,NA
9/15/23,KL,playback,NA,RC3,7:18,0,0,1,54,PISI,NA,a,NA,,NA
9/15/23,KL,playback,NA,RC3,7:18,0,0,1,54,AMPI,NA,a,NA,,NA
9/15/23,KL,playback,NA,RC3,7:18,0,0,1,54,GRCA,NA,a,NA,,NA
9/15/23,KL,playback,NA,RC3,7:18,0,0,1,54,warbler sp.,NA,a,NA,,NA
9/15/23,KPM,merlin,iphone_13,RC4,7:29,0,0,1,54,PIWO,1,a,NA,,yes
9/15/23,BDG,hearing,NA,RC4,7:29,0,0,1,54,BCCH,1,a,u,,unverifiable
9/15/23,BDG,hearing,NA,RC4,7:29,0,0,1,54,NOFL,1,a,u,,no
9/15/23,KL,playback,NA,RC4,7:29,0,0,1,54,bird sp.,NA,a,NA,,NA
9/15/23,KL,playback,NA,RC4,7:29,0,0,1,54,PIWO,NA,a,NA,,NA
9/15/23,KPM,merlin,iphone_13,RC5,7:39,0,0,1,56,EAPH,1,a,NA,,yes
9/15/23,KPM,merlin,iphone_13,RC5,7:39,0,0,1,56,YEWA,1,a,NA,,no
9/15/23,KPM,merlin,iphone_13,RC5,7:39,0,0,1,56,AGOL,1,a,NA,,yes
9/15/23,KPM,merlin,iphone_13,RC5,7:39,0,0,1,56,SWTH,1,a,NA,,yes
9/15/23,KPM,merlin,iphone_13,RC5,7:39,0,0,1,56,DOWO,1,a,NA,,yes
9/15/23,AB,merlin,iphone_13_mini,RC5,7:39,0,0,1,56,YEWA,1,a,NA,,no
9/15/23,AB,merlin,iphone_13_mini,RC5,7:39,0,0,1,56,AGOL,1,a,NA,,yes
9/15/23,AB,merlin,iphone_13_mini,RC5,7:39,0,0,1,56,DOWO,1,a,NA,,yes
9/15/23,BDG,hearing,NA,RC5,7:39,0,0,1,56,RBNU,1,a,u,,unverifiable
9/18/23,BDG,hearing,NA,RC1,7:08,1,0,1,56,AMCR,1,a,o,,unverifiable
9/18/23,BDG,hearing,NA,RC1,7:08,1,0,1,56,BLJA,1,a,o,,yes
9/18/23,AB,merlin,iphone_13_mini,RC1,7:08,1,0,1,56,none,NA,NA,NA,,NA
9/18/23,KL,playback,NA,RC1,7:08,1,0,1,56,BLJA,NA,a,NA,,NA
9/18/23,AB,merlin,iphone_13_mini,RC2,7:17,1,0,1,56,YRWA,1,a,NA,audio files,yes
9/18/23,BDG,hearing,NA,RC2,7:17,1,0,1,56,GCKI,1,a,u,,unverifiable
9/18/23,BDG,hearing,NA,RC2,7:17,1,0,1,56,AMCR,2,a,o,,yes
9/18/23,BDG,hearing,NA,RC2,7:17,1,0,1,56,UNK,1,a,u,,NA
9/18/23,BDG,hearing,NA,RC2,7:17,1,0,1,56,AGOL,1,a,o,,unverifiable
9/18/23,KL,playback,NA,RC2,7:17,1,0,1,56,YRWA,NA,a,NA,,NA
9/18/23,KL,playback,NA,RC2,7:17,1,0,1,56,AMCR,NA,a,NA,,NA
9/18/23,BDG,hearing,NA,RC3,7:27,1,0,1,56,AMCR,2,a,o,,unverifiable
9/18/23,BDG,hearing,NA,RC3,7:27,1,0,1,56,GCKI,1,a,u,,unverifiable
9/18/23,AB,merlin,iphone_13_mini,RC3,7:27,1,0,1,56,none,NA,NA,NA,,NA
9/18/23,KL,playback,NA,RC3,7:27,1,0,1,56,bird sp.,NA,a,NA,,NA
9/26/23,BDG,hearing,NA,RC1,7:07,0,0,1,46,GCKI,3,a,u,,yes
9/26/23,BDG,hearing,NA,RC1,7:07,0,0,1,46,AMRO,1,a,o,,yes
9/26/23,BDG,hearing,NA,RC1,7:07,0,0,1,46,AMCR,1,a,o,,yes
9/26/23,BDG,hearing,NA,RC1,7:07,0,0,1,46,UNK,1,a,o,,NA
9/26/23,KPM,merlin,iphone_13,RC1,7:07,0,0,1,46,GCKI,1,a,NA,audio files,yes
9/26/23,KPM,merlin,iphone_13,RC1,7:07,0,0,1,46,CORA,1,a,NA,,no
9/26/23,KPM,merlin,iphone_13,RC1,7:07,0,0,1,46,AMCR,1,a,NA,,yes
9/26/23,BDG,hearing,NA,RC10,8:46,0,0,1,48,GCKI,1,a,u,,yes
9/26/23,KPM,merlin,iphone_13,RC10,8:46,0,0,1,48,GCKI,1,a,NA,,yes
9/26/23,BDG,hearing,NA,RC2,7:16,0,0,1,46,GCKI,2,a,u,,yes
9/26/23,BDG,hearing,NA,RC2,7:16,0,0,1,46,BTNW,1,a,u,,yes
9/26/23,BDG,hearing,NA,RC2,7:16,0,0,1,46,BLJA,1,a,o,,yes
9/26/23,BDG,hearing,NA,RC2,7:16,0,0,1,46,UNK,1,a,u,,NA
9/26/23,KPM,merlin,iphone_13,RC2,7:16,0,0,1,46,GCKI,1,a,NA,,yes
9/26/23,KPM,merlin,iphone_13,RC2,7:16,0,0,1,46,BTNW,1,a,NA,,yes
9/26/23,KPM,merlin,iphone_13,RC2,7:16,0,0,1,46,WTSP,1,a,NA,,no
9/26/23,BDG,hearing,NA,RC3,7:28,0,0,1,46,RBNU,1,a,o,,unverifiable
9/26/23,BDG,hearing,NA,RC3,7:28,0,0,1,46,AMCR,1,a,o,,unverifiable
9/26/23,BDG,hearing,NA,RC4,7:38,0,0,1,46,GCKI,1,a,u,,no
9/26/23,BDG,hearing,NA,RC4,7:38,0,0,1,46,RBNU,1,a,o,,yes
9/26/23,BDG,hearing,NA,RC5,7:48,0,0,1,48,GCKI,1,a,u,,yes
9/26/23,BDG,hearing,NA,RC5,7:48,0,0,1,48,BLJA,1,a,o,,yes
9/26/23,KPM,merlin,iphone_13,RC5,7:48,0,0,1,48,GCKI,1,a,NA,,yes
9/26/23,KPM,merlin,iphone_13,RC5,7:48,0,0,1,48,BLJA,1,a,NA,,yes
9/26/23,BDG,hearing,NA,RC6,7:58,0,0,1,48,GCKI,1,a,u,,no
9/26/23,BDG,hearing,NA,RC6,7:58,0,0,1,48,BTNW,1,a,u,,unverifiable
9/26/23,KPM,merlin,iphone_13,RC6,7:58,0,0,1,48,YRWA,1,a,NA,,yes
9/26/23,BDG,hearing,NA,RC7,8:11,0,0,1,48,AGOL,1,a,o,,unverifiable
9/26/23,BDG,hearing,NA,RC7,8:11,0,0,1,48,UNK,1,a,u,,NA
9/26/23,BDG,hearing,NA,RC9,8:34,0,0,1,48,GCKI,1,a,u,,yes
10/6/23,KL,hearing,NA,RC1,6:52,2,0,1,57,BLJA,1,a,o,,yes
10/6/23,KL,hearing,NA,RC1,6:52,2,0,1,57,GCKI,3,a,u,,yes
10/6/23,KL,hearing,NA,RC1,6:52,2,0,1,57,AMRO,1,a,u,,yes
10/6/23,BDG,merlin,iphone_14,RC1,6:52,2,0,1,57,BLJA,1,a,NA,audio files,yes
10/6/23,KL,playback,NA,RC1,6:52,2,0,1,57,BLJA,NA,a,NA,,NA
10/6/23,KL,playback,NA,RC1,6:52,2,0,1,57,GCKI,NA,a,NA,,NA
10/6/23,KL,playback,NA,RC1,6:52,2,0,1,57,AMRO,NA,a,NA,,NA
10/6/23,KL,hearing,NA,RC10,8:28,2,0,1,58,none,NA,NA,NA,,NA
10/6/23,BDG,merlin,iphone_14,RC10,8:28,2,0,1,58,none,NA,NA,NA,,NA
10/6/23,KL,playback,NA,RC10,8:28,2,0,1,58,none,NA,NA,NA,,NA
10/6/23,KL,hearing,NA,RC2,7:02,2,0,1,57,AMCR,2,a,o,,unverifiable
10/6/23,BDG,merlin,iphone_14,RC2,7:02,2,0,1,57,none,NA,NA,NA,,NA
10/6/23,KL,playback,NA,RC2,7:02,2,0,1,57,none,NA,NA,NA,,NA
10/6/23,KL,hearing,NA,RC3,7:12,2,0,2,57,YRWA,2,a,u,,unverifiable
10/6/23,KL,hearing,NA,RC3,7:12,2,0,2,57,GCKI,2,a,u,,yes
10/6/23,KL,hearing,NA,RC3,7:12,2,0,2,57,BCCH,1,a,o,,yes
10/6/23,KL,hearing,NA,RC3,7:12,2,0,2,57,UNK,2,v,u,probably CEDW,NA
10/6/23,BDG,merlin,iphone_14,RC3,7:12,2,0,2,57,none,NA,NA,NA,,NA
10/6/23,KL,playback,NA,RC3,7:12,2,0,2,57,GCKI,NA,a,NA,,NA
10/6/23,KL,playback,NA,RC3,7:12,2,0,2,57,BCCH,NA,a,NA,,NA
10/6/23,KL,hearing,NA,RC4,7:22,2,0,2,57,AMCR,2,a,o,,yes
10/6/23,KL,hearing,NA,RC4,7:22,2,0,2,57,CORA,1,a,o,,unverifiable
10/6/23,KL,hearing,NA,RC4,7:22,2,0,2,57,BCCH,1,a,u,,yes
10/6/23,BDG,merlin,iphone_14,RC4,7:22,2,0,2,57,none,NA,NA,NA,,NA
10/6/23,KL,playback,NA,RC4,7:22,2,0,2,57,AMCR,NA,a,NA,,NA
10/6/23,KL,playback,NA,RC4,7:22,2,0,2,57,BCCH,NA,a,NA,,NA
10/6/23,KL,hearing,NA,RC5,7:32,2,0,1,58,SAVS,3,a,u,,yes
10/6/23,KL,hearing,NA,RC5,7:32,2,0,1,58,AMCR,3,a,o,,yes
10/6/23,KL,hearing,NA,RC5,7:32,2,0,1,58,CORA,1,a,o,,yes
10/6/23,KL,hearing,NA,RC5,7:32,2,0,1,58,AMRO,1,a,u,,yes
10/6/23,KL,hearing,NA,RC5,7:32,2,0,1,58,UNK,1,v,u,,NA
10/6/23,BDG,merlin,iphone_14,RC5,7:32,2,0,1,58,SAVS,1,a,NA,,yes
10/6/23,BDG,merlin,iphone_14,RC5,7:32,2,0,1,58,AMRO,1,a,NA,,yes
10/6/23,KL,playback,NA,RC5,7:32,2,0,1,58,SAVS,NA,a,NA,,NA
10/6/23,KL,playback,NA,RC5,7:32,2,0,1,58,AMCR,NA,a,NA,,NA
10/6/23,KL,playback,NA,RC5,7:32,2,0,1,58,CORA,NA,a,NA,,NA
10/6/23,KL,playback,NA,RC5,7:32,2,0,1,58,AMRO,NA,a,NA,,NA
10/11/23,BDG,hearing,NA,RC10,12:57,1,1,0,56,GCKI,4,a,u,,yes
10/11/23,BDG,hearing,NA,RC9,13:07,1,1,0,56,UNK,1,a,u,,NA
10/11/23,BDG,hearing,NA,RC8,13:17,1,1,0,56,GCKI,1,a,o,,unverifiable
10/11/23,BDG,hearing,NA,RC8,13:17,1,1,0,56,BCCH,1,a,u,,yes
10/11/23,BDG,hearing,NA,RC7,13:28,1,1,0,56,BCCH,1,a,o,,yes
10/11/23,BDG,hearing,NA,RC6,13:38,1,1,0,56,BCCH,2,a,o,,unverifiable
10/11/23,BDG,hearing,NA,RC5,13:47,1,1,0,57,BLJA,1,a,o,,unverifiable
10/11/23,BDG,hearing,NA,RC4,14:11,1,1,0,57,GCKI,3,a,u,,yes
10/11/23,BDG,hearing,NA,RC4,14:11,1,1,0,57,BLJA,1,a,o,,unverifiable
10/11/23,BDG,hearing,NA,RC4,14:11,1,1,0,57,BCCH,3,a,u,,yes
10/11/23,BDG,hearing,NA,RC1,14:41,1,1,0,57,AMCR,1,a,o,,unverifiable
10/11/23,EJD,merlin,iphone_12_pro,RC10,12:57,1,1,0,56,GCKI,1,a,NA,audio files,yes
10/11/23,EJD,merlin,iphone_12_pro,RC10,12:57,1,1,0,56,BRCR,1,a,NA,,no
10/11/23,EJD,merlin,iphone_12_pro,RC8,13:17,1,1,0,56,BCCH,1,a,NA,,yes
10/11/23,EJD,merlin,iphone_12_pro,RC8,13:17,1,1,0,56,NOCA,1,a,NA,,no
10/11/23,EJD,merlin,iphone_12_pro,RC4,14:11,1,1,0,57,GCKI,1,a,NA,,yes
10/11/23,EJD,merlin,iphone_12_pro,RC4,14:11,1,1,0,57,BCCH,1,a,NA,,yes
10/11/23,EJD,merlin,iphone_12_pro,RC2,14:31,1,1,0,57,SWTH,1,a,NA,spring peeper,no
10/16/23,BDG,hearing,NA,RC1,7:15,2,0,2,50,GCKI,3,a,u,,yes
10/16/23,BDG,hearing,NA,RC1,7:15,2,0,2,50,AMCR,1,a,o,,unverifiable
10/16/23,BDG,hearing,NA,RC1,7:15,2,0,2,50,YRWA,1,a,o,,yes
10/16/23,BDG,hearing,NA,RC1,7:15,2,0,2,50,PISI,2,a,o,,yes
10/16/23,BDG,hearing,NA,RC1,7:15,2,0,2,50,DEJU,1,a,u,,no
10/16/23,BDG,hearing,NA,RC2,7:26,2,0,2,50,CORA,1,a,u,,yes
10/16/23,BDG,hearing,NA,RC2,7:26,2,0,2,50,YRWA,2,a,u,,yes
10/16/23,BDG,hearing,NA,RC2,7:26,2,0,2,50,GCKI,2,a,u,,unverifiable
10/16/23,BDG,hearing,NA,RC2,7:26,2,0,2,50,BLJA,2,a,o,,unverifiable
10/16/23,BDG,hearing,NA,RC2,7:26,2,0,2,50,PISI,1,a,o,,yes
10/16/23,BDG,hearing,NA,RC2,7:26,2,0,2,50,AMRO,1,a,o,,yes
10/16/23,BDG,hearing,NA,RC3,7:36,2,0,2,50,GCKI,2,a,u,,yes
10/16/23,BDG,hearing,NA,RC3,7:36,2,0,2,50,BLJA,1,a,o,,unverifiable
10/16/23,BDG,hearing,NA,RC3,7:36,2,0,2,50,YRWA,1,a,o,,yes
10/16/23,BDG,hearing,NA,RC3,7:36,2,0,2,50,PISI,3,a,u,,yes
10/16/23,BDG,hearing,NA,RC3,7:36,2,0,2,50,DEJU,2,v,o,,unverifiable
10/16/23,BDG,hearing,NA,RC4,7:53,2,0,2,50,DEJU,7,a,u,,yes
10/16/23,BDG,hearing,NA,RC4,7:53,2,0,2,50,YRWA,1,a,u,,yes
10/16/23,BDG,hearing,NA,RC4,7:53,2,0,2,50,BCCH,1,a,u,,yes
10/16/23,BDG,hearing,NA,RC4,7:53,2,0,2,50,BTNW,1,a,u,,unverifiable
10/16/23,BDG,hearing,NA,RC5,8:03,2,0,2,50,YRWA,2,a,u,,yes
10/16/23,BDG,hearing,NA,RC5,8:03,2,0,2,50,GCKI,4,a,u,,yes
10/16/23,BDG,hearing,NA,RC5,8:03,2,0,2,50,AMRO,1,a,o,,unverifiable
10/16/23,BDG,hearing,NA,RC5,8:03,2,0,2,50,NOFL,1,a,o,,no
10/16/23,BDG,hearing,NA,RC5,8:03,2,0,2,50,DEJU,9,a,u,,no
10/16/23,BDG,hearing,NA,RC5,8:03,2,0,2,50,COHA,1,v,o,,unverifiable
10/16/23,BDG,hearing,NA,RC6,8:16,2,0,2,50,YRWA,1,a,u,,yes
10/16/23,BDG,hearing,NA,RC6,8:16,2,0,2,50,DEJU,1,a,o,,unverifiable
10/16/23,BDG,hearing,NA,RC7,8:26,2,0,2,50,GCKI,1,a,o,,unverifiable
10/16/23,BDG,hearing,NA,RC7,8:26,2,0,2,50,YRWA,1,a,o,,unverifiable
10/16/23,BDG,hearing,NA,RC7,8:26,2,0,2,50,AGOL,2,a,o,,unverifiable
10/16/23,BDG,hearing,NA,RC8,8:36,2,0,2,50,BCCH,1,a,u,,yes
10/16/23,BDG,hearing,NA,RC8,8:36,2,0,2,50,PIWO,1,a,o,,yes
10/16/23,BDG,hearing,NA,RC8,8:36,2,0,2,50,GCKI,1,a,o,,unverifiable
10/16/23,BDG,hearing,NA,RC8,8:36,2,0,2,50,AMCR,1,a,o,,yes
10/16/23,BDG,hearing,NA,RC8,8:36,2,0,2,50,DEJU,4,a,u,,yes
10/16/23,BDG,hearing,NA,RC9,8:46,2,0,2,50,DEJU,5,a,u,,yes
10/16/23,BDG,hearing,NA,RC9,8:46,2,0,2,50,YRWA,1,a,u,,yes
10/16/23,BDG,hearing,NA,RC9,8:46,2,0,2,50,UNK,1,a,u,,NA
10/16/23,BDG,hearing,NA,RC10,8:56,2,0,2,50,UNK,1,a,o,,NA
10/16/23,BDG,hearing,NA,RC10,8:56,2,0,2,50,DEJU,2,a,u,,unverifiable
10/16/23,JAA,merlin,iphone_14,RC1,7:15,2,0,2,50,GCKI,1,a,NA,audio files,yes
10/16/23,JAA,merlin,iphone_14,RC1,7:15,2,0,2,50,YRWA,1,a,NA,,yes
10/16/23,JAA,merlin,iphone_14,RC1,7:15,2,0,2,50,PISI,1,a,NA,,yes
10/16/23,JAA,merlin,iphone_14,RC2,7:26,2,0,2,50,CORA,1,a,NA,,yes
10/16/23,JAA,merlin,iphone_14,RC2,7:26,2,0,2,50,AMRO,1,a,NA,,yes
10/16/23,JAA,merlin,iphone_14,RC2,7:26,2,0,2,50,YRWA,1,a,NA,,yes
10/16/23,JAA,merlin,iphone_14,RC3,7:36,2,0,2,50,YRWA,1,a,NA,,yes
10/16/23,JAA,merlin,iphone_14,RC3,7:36,2,0,2,50,GCKI,1,a,NA,,yes
10/16/23,JAA,merlin,iphone_14,RC4,7:53,2,0,2,50,DEJU,1,a,NA,,yes
10/16/23,JAA,merlin,iphone_14,RC4,7:53,2,0,2,50,WTSP,1,a,NA,,yes
10/16/23,JAA,merlin,iphone_14,RC4,7:53,2,0,2,50,BCCH,1,a,NA,,yes
10/16/23,JAA,merlin,iphone_14,RC4,7:53,2,0,2,50,PAWA,1,a,NA,,yes
10/16/23,JAA,merlin,iphone_14,RC5,8:03,2,0,2,50,GCKI,1,a,NA,,yes
10/16/23,JAA,merlin,iphone_14,RC5,8:03,2,0,2,50,SWSP,1,a,NA,,no
10/16/23,JAA,merlin,iphone_14,RC5,8:03,2,0,2,50,WTSP,1,a,NA,,yes
10/16/23,JAA,merlin,iphone_14,RC5,8:03,2,0,2,50,HAWO,1,a,NA,,yes
10/16/23,JAA,merlin,iphone_14,RC5,8:03,2,0,2,50,SOSP,1,a,NA,,yes
10/16/23,JAA,merlin,iphone_14,RC5,8:03,2,0,2,50,CHSP,1,a,NA,,yes
10/16/23,JAA,merlin,iphone_14,RC5,8:03,2,0,2,50,YRWA,1,a,NA,,yes
10/16/23,JAA,merlin,iphone_14,RC8,8:36,2,0,2,50,DEJU,1,a,NA,,yes
10/16/23,JAA,merlin,iphone_14,RC9,8:46,2,0,2,50,YRWA,1,a,NA,,yes
10/16/23,JAA,merlin,iphone_14,RC9,8:46,2,0,2,50,DEJU,1,a,NA,,yes
7/7/23,EJD,merlin,samsung_galaxy_tab_A,RC6,9:35,1,0,1,70,RTHA,1,a,NA,,no
7/7/23,KL,playback,NA,RC6,9:35,1,0,1,70,OVEN,NA,a,NA,,NA
7/7/23,KL,playback,NA,RC6,9:35,1,0,1,70,MAWA,NA,a,NA,,NA
7/7/23,KL,playback,NA,RC6,9:35,1,0,1,70,NAWA,NA,a,NA,,NA
7/7/23,KL,playback,NA,RC6,9:35,1,0,1,70,HETH,NA,a,NA,,NA
7/7/23,KL,playback,NA,RC6,9:35,1,0,1,70,OSPR,NA,a,NA,,NA
7/7/23,BDG,hearing,NA,RC7,9:47,1,0,1,70,MODO,1,a,NA,,yes
7/7/23,BDG,hearing,NA,RC7,9:47,1,0,1,70,OVEN,1,a,NA,,yes
7/7/23,BDG,hearing,NA,RC7,9:47,1,0,1,70,HETH,1,a,NA,,yes
7/7/23,EDH,merlin,iphone_SE,RC7,9:47,1,0,1,70,MODO,1,a,NA,,yes
7/7/23,EDH,merlin,iphone_SE,RC7,9:47,1,0,1,70,NAWA,1,a,NA,,yes
7/7/23,EDH,merlin,iphone_SE,RC7,9:47,1,0,1,70,HETH,1,a,NA,,yes
7/7/23,EDH,merlin,iphone_SE,RC7,9:47,1,0,1,70,OVEN,1,a,NA,,yes
7/7/23,EJD,merlin,samsung_galaxy_tab_A,RC7,9:47,1,0,1,70,HETH,1,a,NA,,yes
7/7/23,EJD,merlin,samsung_galaxy_tab_A,RC7,9:47,1,0,1,70,MODO,1,a,NA,,yes
7/7/23,EJD,merlin,samsung_galaxy_tab_A,RC7,9:47,1,0,1,70,OVEN,1,a,NA,,yes
7/7/23,KL,playback,NA,RC7,9:47,1,0,1,70,MODO,NA,a,NA,,NA
7/7/23,KL,playback,NA,RC7,9:47,1,0,1,70,NAWA,NA,a,NA,,NA
7/7/23,KL,playback,NA,RC7,9:47,1,0,1,70,HETH,NA,a,NA,,NA
7/7/23,KL,playback,NA,RC7,9:47,1,0,1,70,OVEN,NA,a,NA,,NA
7/7/23,BDG,hearing,NA,RC8,9:57,1,0,1,70,OVEN,1,a,NA,,yes
7/7/23,BDG,hearing,NA,RC8,9:57,1,0,1,70,BTNW,1,a,NA,,yes
7/7/23,BDG,hearing,NA,RC8,9:57,1,0,1,70,HETH,1,a,NA,,yes
7/7/23,EDH,merlin,iphone_SE,RC8,9:57,1,0,1,70,HETH,1,a,NA,,yes
7/7/23,EDH,merlin,iphone_SE,RC8,9:57,1,0,1,70,OVEN,1,a,NA,,yes
7/7/23,EJD,merlin,samsung_galaxy_tab_A,RC8,9:57,1,0,1,70,OVEN,1,a,NA,,yes
7/7/23,EJD,merlin,samsung_galaxy_tab_A,RC8,9:57,1,0,1,70,HETH,1,a,NA,,yes
7/7/23,KL,playback,NA,RC8,9:57,1,0,1,70,HETH,NA,a,NA,,NA
7/7/23,KL,playback,NA,RC8,9:57,1,0,1,70,OVEN,NA,a,NA,,NA
7/7/23,KL,playback,NA,RC8,9:57,1,0,1,70,BTNW,NA,a,NA,,NA
7/7/23,KL,playback,NA,RC8,9:57,1,0,1,70,GCKI,NA,a,NA,,NA
7/7/23,BDG,hearing,NA,RC9,10:08,1,0,1,70,BTNW,1,a,NA,,yes
7/7/23,BDG,hearing,NA,RC9,10:08,1,0,1,70,HETH,1,a,NA,,yes
7/7/23,BDG,hearing,NA,RC9,10:08,1,0,1,70,REVI,1,a,NA,,yes
7/7/23,EDH,merlin,iphone_SE,RC9,10:08,1,0,1,70,BTNW,1,a,NA,,yes
7/7/23,EDH,merlin,iphone_SE,RC9,10:08,1,0,1,70,BBPL,1,a,NA,,no
7/7/23,EDH,merlin,iphone_SE,RC9,10:08,1,0,1,70,HETH,1,a,NA,,yes
7/7/23,EJD,merlin,samsung_galaxy_tab_A,RC9,10:08,1,0,1,70,BTNW,1,a,NA,,yes
7/7/23,EJD,merlin,samsung_galaxy_tab_A,RC9,10:08,1,0,1,70,HETH,1,a,NA,,yes
7/7/23,KL,playback,NA,RC9,10:08,1,0,1,70,BTNW,NA,a,NA,,NA
7/7/23,KL,playback,NA,RC9,10:08,1,0,1,70,HETH,NA,a,NA,,NA
7/7/23,KL,playback,NA,RC9,10:08,1,0,1,70,REVI,NA,a,NA,,NA
7/13/23,KL,playback,NA,RC6,9:20,0,0,1,66,HETH,NA,a,NA,,NA
7/13/23,KL,playback,NA,RC6,9:20,0,0,1,66,WWCR,NA,a,NA,,NA
7/13/23,KL,playback,NA,RC6,9:20,0,0,1,66,CEDW,NA,a,NA,,NA
7/13/23,SB,hearing,NA,RC7,9:34,0,0,1,66,NAWA,1,a,NA,,yes
7/13/23,SB,hearing,NA,RC7,9:34,0,0,1,66,HETH,3,a,NA,,yes
7/13/23,SB,hearing,NA,RC7,9:34,0,0,1,66,RECR,1,a,NA,,no
7/13/23,SB,hearing,NA,RC7,9:34,0,0,1,66,RBNU,1,a,NA,,unverifiable
7/13/23,SB,hearing,NA,RC7,9:34,0,0,1,66,REVI,1,a,NA,,yes
7/13/23,SB,hearing,NA,RC7,9:34,0,0,1,66,AMRO,1,a,NA,,unverifiable
7/13/23,EJD,merlin,iphone_12_pro,RC7,9:34,0,0,1,66,NAWA,1,a,NA,,yes
7/13/23,EJD,merlin,iphone_12_pro,RC7,9:34,0,0,1,66,DEJU,1,a,NA,,no
7/13/23,EJD,merlin,iphone_12_pro,RC7,9:34,0,0,1,66,YEWA,1,a,NA,,no
7/13/23,EJD,merlin,iphone_12_pro,RC7,9:34,0,0,1,66,WWCR,1,a,NA,,yes
7/13/23,EJD,merlin,iphone_12_pro,RC7,9:34,0,0,1,66,REVI,1,a,NA,,yes
7/13/23,EJD,merlin,samsung_galaxy_tab_A,RC7,9:34,0,0,1,66,NAWA,1,a,NA,,yes
7/13/23,EJD,merlin,samsung_galaxy_tab_A,RC7,9:34,0,0,1,66,WWCR,1,a,NA,,yes
7/13/23,KL,playback,NA,RC7,9:34,0,0,1,66,WTSP,NA,a,NA,,NA
7/13/23,KL,playback,NA,RC7,9:34,0,0,1,66,NAWA,NA,a,NA,,NA
7/13/23,KL,playback,NA,RC7,9:34,0,0,1,66,WWCR,NA,a,NA,,NA
7/13/23,KL,playback,NA,RC7,9:34,0,0,1,66,REVI,NA,a,NA,,NA
7/13/23,KL,playback,NA,RC7,9:34,0,0,1,66,HETH,NA,a,NA,,NA
7/13/23,SB,hearing,NA,RC8,9:44,0,0,1,66,REVI,1,a,NA,,yes
7/13/23,SB,hearing,NA,RC8,9:44,0,0,1,66,DOWO,1,v,NA,,unverifiable
7/13/23,SB,hearing,NA,RC8,9:44,0,0,1,66,SWTH,1,a,NA,,unverifiable
7/13/23,SB,hearing,NA,RC8,9:44,0,0,1,66,UNK,1,a,NA,,NA
7/13/23,SB,hearing,NA,RC8,9:44,0,0,1,66,OVEN,1,a,NA,,yes
7/13/23,SB,hearing,NA,RC8,9:44,0,0,1,66,BAWW,1,a,NA,,yes
7/13/23,SB,hearing,NA,RC8,9:44,0,0,1,66,VEER,1,a,NA,,unverifiable
7/13/23,EJD,merlin,iphone_12_pro,RC8,9:44,0,0,1,66,REVI,1,a,NA,,yes
7/13/23,EJD,merlin,iphone_12_pro,RC8,9:44,0,0,1,66,BTNW,1,a,NA,,yes
7/13/23,EJD,merlin,iphone_12_pro,RC8,9:44,0,0,1,66,GCKI,1,a,NA,,yes
7/13/23,EJD,merlin,iphone_12_pro,RC8,9:44,0,0,1,66,OVEN,1,a,NA,,yes
7/13/23,EJD,merlin,iphone_12_pro,RC8,9:44,0,0,1,66,BAWW,1,a,NA,,yes
7/13/23,EJD,merlin,iphone_12_pro,RC8,9:44,0,0,1,66,HETH,1,a,NA,,yes
7/13/23,EJD,merlin,samsung_galaxy_tab_A,RC8,9:44,0,0,1,66,REVI,1,a,NA,,yes
7/13/23,EJD,merlin,samsung_galaxy_tab_A,RC8,9:44,0,0,1,66,BTNW,1,a,NA,,yes
7/13/23,EJD,merlin,samsung_galaxy_tab_A,RC8,9:44,0,0,1,66,OVEN,1,a,NA,,yes
7/13/23,EJD,merlin,samsung_galaxy_tab_A,RC8,9:44,0,0,1,66,NOCA,1,a,NA,,no
7/13/23,EJD,merlin,samsung_galaxy_tab_A,RC8,9:44,0,0,1,66,HETH,1,a,NA,,yes
7/13/23,EJD,merlin,samsung_galaxy_tab_A,RC8,9:44,0,0,1,66,GCKI,1,a,NA,,yes
7/13/23,EJD,merlin,samsung_galaxy_tab_A,RC8,9:44,0,0,1,66,BAWW,1,a,NA,,yes
7/13/23,KL,playback,NA,RC8,9:44,0,0,1,66,REVI,NA,a,NA,,NA
7/13/23,KL,playback,NA,RC8,9:44,0,0,1,66,GCKI,NA,a,NA,,NA
7/13/23,KL,playback,NA,RC8,9:44,0,0,1,66,BTNW,NA,a,NA,,NA
7/13/23,KL,playback,NA,RC8,9:44,0,0,1,66,OVEN,NA,a,NA,,NA
7/13/23,KL,playback,NA,RC8,9:44,0,0,1,66,BAWW,NA,a,NA,,NA
7/13/23,KL,playback,NA,RC8,9:44,0,0,1,66,HETH,NA,a,NA,,NA
7/13/23,SB,hearing,NA,RC9,9:54,0,0,1,66,BTNW,1,a,NA,,yes
7/13/23,SB,hearing,NA,RC9,9:54,0,0,1,66,RTHU,1,v,NA,,unverifiable
7/13/23,EJD,merlin,iphone_12_pro,RC9,9:54,0,0,1,66,BTNW,1,a,NA,,yes
7/13/23,EJD,merlin,iphone_12_pro,RC9,9:54,0,0,1,66,YRWA,1,a,NA,,yes
7/13/23,EJD,merlin,samsung_galaxy_tab_A,RC9,9:54,0,0,1,66,BTNW,1,a,NA,,yes
7/13/23,EJD,merlin,samsung_galaxy_tab_A,RC9,9:54,0,0,1,66,YRWA,1,a,NA,,yes
7/13/23,KL,playback,NA,RC9,9:54,0,0,1,66,BTNW,NA,a,NA,,NA
7/13/23,KL,playback,NA,RC9,9:54,0,0,1,66,YRWA,NA,a,NA,,NA
7/20/23,KL,playback,NA,RC6,11:30,0,0,1,74,MODO,NA,a,NA,,NA
7/20/23,BDG,hearing,NA,RC7,11:44,0,0,1,74,HETH,2,a,o,,yes
7/20/23,ZHK,merlin,iphone_14,RC7,11:44,0,0,1,74,none,NA,NA,NA,,NA
7/20/23,EDH,merlin,iphone_SE,RC7,11:44,0,0,1,74,none,NA,NA,NA,,NA
7/20/23,EJD,merlin,iphone_12_pro,RC7,11:44,0,0,1,74,none,NA,NA,NA,,NA
7/20/23,KL,playback,NA,RC7,11:44,0,0,1,74,HETH,NA,a,NA,,NA
7/20/23,BDG,hearing,NA,RC8,11:52,0,0,1,74,HETH,1,a,o,,yes
7/20/23,BDG,hearing,NA,RC8,11:52,0,0,1,74,BTNW,2,a,u,,yes
7/20/23,ZHK,merlin,iphone_14,RC8,11:52,0,0,1,74,HETH,1,a,NA,,yes
7/20/23,ZHK,merlin,iphone_14,RC8,11:52,0,0,1,74,BTNW,1,a,NA,,yes
7/20/23,EDH,merlin,iphone_SE,RC8,11:52,0,0,1,74,HETH,1,a,NA,,yes
7/20/23,EJD,merlin,iphone_12_pro,RC8,11:52,0,0,1,74,HETH,1,a,NA,,yes
7/20/23,EJD,merlin,iphone_12_pro,RC8,11:52,0,0,1,74,BTNW,1,a,NA,,yes
7/20/23,KL,playback,NA,RC8,11:52,0,0,1,74,HETH,NA,a,NA,,NA
7/20/23,KL,playback,NA,RC8,11:52,0,0,1,74,BTNW,NA,a,NA,,NA
7/20/23,BDG,hearing,NA,RC9,12:02,0,0,1,74,REVI,1,a,u,,yes
7/20/23,BDG,hearing,NA,RC9,12:02,0,0,1,74,MODO,1,a,o,,yes
7/20/23,BDG,hearing,NA,RC9,12:02,0,0,1,74,HETH,1,a,u,,yes
7/20/23,BDG,hearing,NA,RC9,12:02,0,0,1,74,BTNW,1,a,u,,yes
7/20/23,ZHK,merlin,iphone_14,RC9,12:02,0,0,1,74,REVI,1,a,NA,,yes
7/20/23,ZHK,merlin,iphone_14,RC9,12:02,0,0,1,74,DEJU,1,a,NA,,yes
7/20/23,ZHK,merlin,iphone_14,RC9,12:02,0,0,1,74,HETH,1,a,NA,,yes
7/20/23,ZHK,merlin,iphone_14,RC9,12:02,0,0,1,74,BTNW,1,a,NA,,yes
7/20/23,EDH,merlin,iphone_SE,RC9,12:02,0,0,1,74,REVI,1,a,NA,,yes
7/20/23,EDH,merlin,iphone_SE,RC9,12:02,0,0,1,74,HETH,1,a,NA,,yes
7/20/23,EDH,merlin,iphone_SE,RC9,12:02,0,0,1,74,BHVI,1,a,NA,,no
7/20/23,EDH,merlin,iphone_SE,RC9,12:02,0,0,1,74,BTNW,1,a,NA,,yes
7/20/23,EJD,merlin,iphone_12_pro,RC9,12:02,0,0,1,74,REVI,1,a,NA,,yes
7/20/23,EJD,merlin,iphone_12_pro,RC9,12:02,0,0,1,74,DEJU,1,a,NA,,yes
7/20/23,EJD,merlin,iphone_12_pro,RC9,12:02,0,0,1,74,HETH,1,a,NA,,yes
7/20/23,EJD,merlin,iphone_12_pro,RC9,12:02,0,0,1,74,BHVI,1,a,NA,,no
7/20/23,EJD,merlin,iphone_12_pro,RC9,12:02,0,0,1,74,BTNW,1,a,NA,,yes
7/20/23,KL,playback,NA,RC9,12:02,0,0,1,74,REVI,NA,a,NA,,NA
7/20/23,KL,playback,NA,RC9,12:02,0,0,1,74,YRWA,NA,a,NA,,NA
7/20/23,KL,playback,NA,RC9,12:02,0,0,1,74,DEJU,NA,a,NA,,NA
7/20/23,KL,playback,NA,RC9,12:02,0,0,1,74,HETH,NA,a,NA,,NA
7/20/23,KL,playback,NA,RC9,12:02,0,0,1,74,BTNW,NA,a,NA,,NA
7/20/23,KL,playback,NA,RC9,12:02,0,0,1,74,MODO,NA,a,NA,,NA
7/26/23,EDH,merlin,iphone_SE,RC5,10:47,0,0,1,74,CEDW,1,a,NA,,yes
7/26/23,KL,playback,NA,RC5,10:47,0,0,1,74,HETH,NA,a,NA,,NA
7/26/23,KL,playback,NA,RC5,10:47,0,0,1,74,BHVI,NA,a,NA,,NA
7/26/23,KL,playback,NA,RC5,10:47,0,0,1,74,CEDW,NA,a,NA,,NA
7/26/23,KL,playback,NA,RC5,10:47,0,0,1,74,NOFL,NA,a,NA,,NA
7/26/23,KL,playback,NA,RC5,10:47,0,0,1,74,BAWW,NA,a,NA,,NA
7/26/23,BDG,hearing,NA,RC6,11:05,0,0,1,74,HETH,3,a,u,,yes
7/26/23,BDG,hearing,NA,RC6,11:05,0,0,1,74,MODO,1,a,o,,yes
7/26/23,BDG,hearing,NA,RC6,11:05,0,0,1,74,UNK,3,a,o,,NA
7/26/23,BDG,hearing,NA,RC6,11:05,0,0,1,74,UNK,1,a,u,,NA
7/26/23,EDH,merlin,iphone_SE,RC6,11:05,0,0,1,74,HETH,1,a,NA,,yes
7/26/23,EDH,merlin,iphone_SE,RC6,11:05,0,0,1,74,CEDW,1,a,NA,,yes
7/26/23,KL,playback,NA,RC6,11:05,0,0,1,74,HETH,NA,a,NA,,NA
7/26/23,KL,playback,NA,RC6,11:05,0,0,1,74,CEDW,NA,a,NA,,NA
7/26/23,KL,playback,NA,RC6,11:05,0,0,1,74,WWCR,NA,a,NA,,NA
7/26/23,KL,playback,NA,RC6,11:05,0,0,1,74,MODO,NA,a,NA,,NA
7/26/23,BDG,hearing,NA,RC7,11:19,0,0,1,74,WTSP,1,a,o,,unverifiable
7/26/23,BDG,hearing,NA,RC7,11:19,0,0,1,74,UNK,1,a,u,,NA
7/26/23,BDG,hearing,NA,RC7,11:19,0,0,1,74,HETH,1,a,o,,unverifiable
7/26/23,EDH,merlin,iphone_SE,RC7,11:19,0,0,1,74,none,NA,NA,NA,,NA
7/26/23,KL,playback,NA,RC7,11:19,0,0,1,74,warbler sp.,NA,a,NA,,NA
7/26/23,BDG,hearing,NA,RC8,11:30,0,0,1,74,BCCH,1,a,o,,unverifiable
7/26/23,BDG,hearing,NA,RC8,11:30,0,0,1,74,WTSP,1,a,o,,unverifiable
7/26/23,EDH,merlin,iphone_SE,RC8,11:30,0,0,1,74,none,NA,NA,nA,,NA
7/26/23,KL,playback,NA,RC8,11:30,0,0,1,74,none,NA,NA,NA,,NA
7/26/23,BDG,hearing,NA,RC9,12:14,0,0,1,74,BTNW,2,a,u,,yes
7/26/23,BDG,hearing,NA,RC9,12:14,0,0,1,74,RBNU,1,a,o,,unverifiable
7/26/23,BDG,hearing,NA,RC9,12:14,0,0,1,74,BHVI,1,a,u,,no
7/26/23,EDH,merlin,iphone_SE,RC9,12:14,0,0,1,74,BTNW,1,a,NA,,yes
8/3/23,BDG,hearing,NA,RC5,11:47,0,2,1,68,MODO,1,a,o,,unverifiable
8/3/23,BDG,hearing,NA,RC5,11:47,0,2,1,68,REVI,1,a,o,,unverifiable
8/3/23,EDH,merlin,iphone_SE,RC5,11:47,0,2,1,68,none,NA,NA,NA,,NA
8/3/23,KL,playback,NA,RC5,11:47,0,2,1,68,none,NA,NA,NA,,NA
8/3/23,BDG,hearing,NA,RC6,11:36,0,2,1,64,BTNW,1,a,o,,yes
8/3/23,EDH,merlin,iphone_SE,RC6,11:36,0,2,1,64,none,NA,NA,NA,,NA
8/3/23,KL,playback,NA,RC6,11:36,0,2,1,64,BTNW,NA,a,NA,,NA
8/3/23,BDG,hearing,NA,RC7,11:25,0,1,1,64,AMCR,1,a,o,,unverifiable
10/6/23,KL,hearing,NA,RC6,7:44,2,0,1,58,YRWA,2,a,u,,yes
10/6/23,KL,hearing,NA,RC6,7:44,2,0,1,58,GCKI,1,a,u,,unverifiable
10/6/23,BDG,merlin,iphone_14,RC6,7:44,2,0,1,58,ROPI,1,a,NA,,no
10/6/23,BDG,merlin,iphone_14,RC6,7:44,2,0,1,58,YRWA,1,a,NA,,yes
10/6/23,KL,playback,NA,RC6,7:44,2,0,1,58,YRWA,NA,a,NA,,NA
10/6/23,KL,hearing,NA,RC7,7:56,2,0,1,58,BCCH,4,a,u,,yes
10/6/23,KL,hearing,NA,RC7,7:56,2,0,1,58,DEJU,3,a,u,,yes
10/6/23,KL,hearing,NA,RC7,7:56,2,0,1,58,YRWA,2,a,u,,yes
10/6/23,KL,hearing,NA,RC7,7:56,2,0,1,58,GCKI,1,a,u,,yes
10/6/23,KL,hearing,NA,RC7,7:56,2,0,1,58,BHVI,2,a,u,,yes
10/6/23,BDG,merlin,iphone_14,RC7,7:56,2,0,1,58,BCCH,1,a,NA,,yes
10/6/23,BDG,merlin,iphone_14,RC7,7:56,2,0,1,58,DEJU,1,a,NA,,yes
10/6/23,BDG,merlin,iphone_14,RC7,7:56,2,0,1,58,YRWA,1,a,NA,,yes
10/6/23,BDG,merlin,iphone_14,RC7,7:56,2,0,1,58,GCKI,1,a,NA,,yes
10/6/23,KL,playback,NA,RC7,7:56,2,0,1,58,BCCH,NA,a,NA,,NA
10/6/23,KL,playback,NA,RC7,7:56,2,0,1,58,YRWA,NA,a,NA,,NA
10/6/23,KL,playback,NA,RC7,7:56,2,0,1,58,DEJU,NA,a,NA,,NA
10/6/23,KL,playback,NA,RC7,7:56,2,0,1,58,GCKI,NA,a,NA,,NA
10/6/23,KL,playback,NA,RC7,7:56,2,0,1,58,BHVI,NA,a,NA,,NA
10/6/23,KL,hearing,NA,RC8,8:08,2,0,1,58,none,NA,NA,NA,,NA
10/6/23,BDG,merlin,iphone_14,RC8,8:08,2,0,1,58,HAWO,1,a,NA,red squirrel,no
10/6/23,KL,playback,NA,RC8,8:08,2,0,1,58,none,NA,NA,NA,,NA
10/6/23,KL,hearing,NA,RC9,8:18,2,0,1,58,PISI,1,a,u,,yes
10/6/23,KL,hearing,NA,RC9,8:18,2,0,1,58,YRWA,1,a,u,,yes
10/6/23,BDG,merlin,iphone_14,RC9,8:18,2,0,1,58,PISI,1,a,NA,,yes
10/6/23,KL,playback,NA,RC9,8:18,2,0,1,58,PISI,NA,a,NA,,NA
10/6/23,KL,playback,NA,RC9,8:18,2,0,1,58,YRWA,NA,a,NA,,NA
7/26/23,EDH,merlin,iphone_SE,RC9,12:14,0,0,1,74,REVI,1,a,NA,,yes
7/26/23,KL,playback,NA,RC9,12:14,0,0,1,74,BTNW,NA,a,NA,,NA
8/3/23,EDH,merlin,iphone_SE,RC7,11:25,0,1,1,64,none,NA,NA,NA,,NA
8/3/23,KL,playback,NA,RC7,11:25,0,1,1,64,none,NA,NA,NA,,NA
8/3/23,BDG,hearing,NA,RC8,11:12,0,1,1,64,REVI,1,a,o,,yes
8/3/23,BDG,hearing,NA,RC8,11:12,0,1,1,64,BCCH,3,a,u,,yes
8/7/23,KL,playback,NA,RC5,9:27,1,0,0,71,REVI,NA,a,NA,,NA
8/7/23,KL,playback,NA,RC5,9:27,1,0,0,71,AMRO,NA,a,NA,,NA
8/7/23,BDG,hearing,NA,RC6,9:14,1,0,0,67,AMCR,1,a,o,,yes
8/7/23,BDG,hearing,NA,RC6,9:14,1,0,0,67,CEDW,1,a,o,,yes
8/7/23,JMK,merlin,iphone_14,RC6,9:14,1,0,0,71,AMCR,1,a,NA,,yes
8/7/23,ZHK,merlin,iphone_14,RC6,9:14,1,0,0,71,AMCR,1,a,NA,,yes
8/7/23,KL,playback,NA,RC6,9:14,1,0,0,71,AMCR,NA,a,NA,,NA
8/7/23,KL,playback,NA,RC6,9:14,1,0,0,71,CEDW,NA,a,NA,,NA
8/7/23,KL,playback,NA,RC6,9:14,1,0,0,71,bird sp.,NA,a,NA,,NA
8/7/23,BDG,hearing,NA,RC7,9:03,1,0,0,67,HETH,1,a,o,,yes
8/7/23,BDG,hearing,NA,RC7,9:03,1,0,0,67,BCCH,1,a,u,,yes
8/7/23,BDG,hearing,NA,RC7,9:03,1,0,0,67,WTSP,1,a,o,,yes
8/7/23,BDG,hearing,NA,RC7,9:03,1,0,0,67,BLJA,3,a,o,,yes
8/7/23,BDG,hearing,NA,RC7,9:03,1,0,0,67,GCKI,1,a,u,,no
8/7/23,JMK,merlin,iphone_14,RC7,9:03,1,0,0,71,BLJA,1,a,NA,,yes
8/7/23,ZHK,merlin,iphone_14,RC7,9:03,1,0,0,71,BLJA,1,a,NA,,yes
8/7/23,KL,playback,NA,RC7,9:03,1,0,0,71,HETH,NA,a,NA,,NA
8/7/23,KL,playback,NA,RC7,9:03,1,0,0,71,BCCH,NA,a,NA,,NA
8/7/23,KL,playback,NA,RC7,9:03,1,0,0,71,WTSP,NA,a,NA,,NA
8/7/23,KL,playback,NA,RC7,9:03,1,0,0,71,CEDW,NA,a,NA,,NA
8/7/23,KL,playback,NA,RC7,9:03,1,0,0,71,BLJA,NA,a,NA,,NA
8/7/23,BDG,hearing,NA,RC8,8:53,1,0,0,67,REVI,1,a,u,,yes
8/7/23,BDG,hearing,NA,RC8,8:53,1,0,0,67,BLJA,1,a,o,,unverifiable
8/7/23,JMK,merlin,iphone_14,RC8,8:53,1,0,0,71,REVI,1,a,NA,,yes
8/7/23,JMK,merlin,iphone_14,RC8,8:53,1,0,0,71,PUFI,1,a,NA,,yes
8/7/23,ZHK,merlin,iphone_14,RC8,8:53,1,0,0,71,REVI,1,a,NA,,yes
8/7/23,KL,playback,NA,RC8,8:53,1,0,0,71,REVI,NA,a,NA,,NA
8/7/23,KL,playback,NA,RC8,8:53,1,0,0,71,PUFI,NA,a,NA,,NA
8/7/23,BDG,hearing,NA,RC9,8:42,1,0,0,67,HETH,2,a,u,,yes
8/7/23,BDG,hearing,NA,RC9,8:42,1,0,0,67,NOFL,1,a,o,,yes
8/7/23,BDG,hearing,NA,RC9,8:42,1,0,0,67,REVI,1,a,o,,yes
8/7/23,JMK,merlin,iphone_14,RC9,8:42,1,0,0,71,HETH,1,a,NA,,yes
8/7/23,ZHK,merlin,iphone_14,RC9,8:42,1,0,0,71,HETH,1,a,NA,,yes
8/7/23,ZHK,merlin,iphone_14,RC9,8:42,1,0,0,71,NOFL,1,a,NA,,yes
8/7/23,KL,playback,NA,RC9,8:42,1,0,0,71,HETH,NA,a,NA,,NA
8/7/23,KL,playback,NA,RC9,8:42,1,0,0,71,REVI,NA,a,NA,,NA
8/7/23,KL,playback,NA,RC9,8:42,1,0,0,71,NOFL,NA,a,NA,,NA
8/7/23,KL,playback,NA,RC9,8:42,1,0,0,71,warbler sp.,NA,a,NA,,NA
8/16/23,EJD,merlin,iphone_12_pro,RC5,7:27,2,0,1,61,EAKI,1,a,NA,,yes
8/16/23,KL,playback,NA,RC5,7:27,2,0,1,61,AMRO,NA,a,NA,,NA
8/16/23,KL,playback,NA,RC5,7:27,2,0,1,61,EAKI,NA,a,NA,,NA
8/16/23,KL,playback,NA,RC5,7:27,2,0,1,61,YRWA,NA,a,NA,,NA
8/16/23,KL,playback,NA,RC5,7:27,2,0,1,61,BCCH,NA,a,NA,,NA
8/16/23,KL,playback,NA,RC5,7:27,2,0,1,61,HETH,NA,a,NA,,NA
8/16/23,KL,playback,NA,RC5,7:27,2,0,1,61,bird sp.,NA,a,NA,Sparrow?,NA
8/16/23,BDG,hearing,NA,RC6,7:42,2,0,1,61,DEJU,1,a,u,,no
8/16/23,BDG,hearing,NA,RC6,7:42,2,0,1,61,AMRO,1,a,u,,yes
8/16/23,EJD,merlin,iphone_12_pro,RC6,7:42,2,0,1,61,none,NA,NA,NA,,NA
8/16/23,KL,playback,NA,RC6,7:42,2,0,1,61,warbler sp.,NA,a,NA,,NA
8/16/23,KL,playback,NA,RC6,7:42,2,0,1,61,AMRO,NA,a,NA,,NA
8/16/23,BDG,hearing,NA,RC7,7:54,2,0,1,61,GRCA,1,a,o,,unverifiable
8/16/23,BDG,hearing,NA,RC7,7:54,2,0,1,61,PIWA,1,v,u,,unverifiable
8/16/23,BDG,hearing,NA,RC7,7:54,2,0,1,61,BCCH,1,a,u,,no
8/16/23,BDG,hearing,NA,RC7,7:54,2,0,1,61,DEJU,2,a,u,,unverifiable
8/16/23,EJD,merlin,iphone_12_pro,RC7,7:54,2,0,1,61,none,NA,NA,NA,,NA
8/16/23,KL,playback,NA,RC7,7:54,2,0,1,61,warbler sp.,NA,a,NA,,NA
8/16/23,BDG,hearing,NA,RC8,8:04,2,0,1,61,UNK,1,a,u,,NA
8/16/23,BDG,hearing,NA,RC8,8:04,2,0,1,61,REVI,2,a,u,,yes
8/16/23,BDG,hearing,NA,RC8,8:04,2,0,1,61,MODO,1,a,u,,unverifiable
8/16/23,BDG,hearing,NA,RC8,8:04,2,0,1,61,DEJU,1,a,u,,unverifiable
8/16/23,EJD,merlin,iphone_12_pro,RC8,8:04,2,0,1,61,REVI,1,a,NA,,yes
8/16/23,EJD,merlin,iphone_12_pro,RC8,8:04,2,0,1,61,AGOL,1,a,NA,,yes
8/16/23,KL,playback,NA,RC8,8:04,2,0,1,61,REVI,NA,a,NA,,NA
8/16/23,KL,playback,NA,RC8,8:04,2,0,1,61,AGOL,NA,a,NA,,NA
8/16/23,BDG,hearing,NA,RC9,8:17,2,0,1,61,DEJU,3,a,o,,yes
8/16/23,EJD,merlin,iphone_12_pro,RC9,8:17,2,0,1,61,DEJU,1,a,NA,,yes
8/16/23,EJD,merlin,iphone_12_pro,RC9,8:17,2,0,1,61,NOCA,1,a,NA,,no
8/16/23,KL,playback,NA,RC9,8:17,2,0,1,61,DEJU,NA,a,NA,,NA
8/24/23,KL,playback,NA,RC5,7:41,0,1,1,61,bird sp.,NA,a,NA,,NA
8/24/23,AB,merlin,iphone_13_mini,RC6,7:56,0,1,1,61,AMCR,1,a,NA,,yes
8/24/23,AB,merlin,iphone_13_mini,RC6,7:56,0,1,1,61,AMRO,1,a,NA,,yes
8/24/23,EDH,hearing,NA,RC6,7:56,0,1,1,61,AMCR,1,a,o,,yes
8/24/23,EDH,hearing,NA,RC6,7:56,0,1,1,61,AMRO,2,a,u,,yes
8/24/23,EDH,hearing,NA,RC6,7:56,0,1,1,61,MODO,1,a,o,,unverifiable
8/24/23,EDH,hearing,NA,RC6,7:56,0,1,1,61,BAWW,1,a,o,,yes
8/24/23,KL,playback,NA,RC6,7:56,0,1,1,61,bird sp.,NA,a,NA,,NA
8/24/23,KL,playback,NA,RC6,7:56,0,1,1,61,AMRO,NA,a,NA,,NA
8/24/23,KL,playback,NA,RC6,7:56,0,1,1,61,AMCR,NA,a,NA,,NA
8/24/23,KL,playback,NA,RC6,7:56,0,1,1,61,BAWW,NA,a,NA,,NA
8/24/23,EDH,hearing,NA,RC7,8:11,0,1,2,61,MODO,1,a,o,,unverifiable
8/24/23,EDH,hearing,NA,RC7,8:11,0,1,2,61,UNK,1,a,u,,NA
8/24/23,EDH,hearing,NA,RC7,8:11,0,1,2,61,UNK,1,a,u,,NA
8/24/23,AB,merlin,iphone_13_mini,RC7,8:11,0,1,2,61,none,NA,NA,NA,,NA
8/24/23,KL,playback,NA,RC7,8:11,0,1,2,61,warbler sp.,NA,a,NA,,NA
8/24/23,AB,merlin,iphone_13_mini,RC8,8:23,0,1,2,61,REVI,1,a,NA,,yes
8/24/23,AB,merlin,iphone_13_mini,RC8,8:23,0,1,2,61,NOFL,1,a,NA,,yes
8/24/23,EDH,hearing,NA,RC8,8:23,0,1,2,61,REVI,1,a,u,,yes
8/24/23,EDH,hearing,NA,RC8,8:23,0,1,2,61,UNK,1,a,u,,NA
8/24/23,EDH,hearing,NA,RC8,8:23,0,1,2,61,AMCR,1,a,o,,unverifiable
8/24/23,EDH,hearing,NA,RC8,8:23,0,1,2,61,UNK,1,a,u,,NA
8/24/23,KL,playback,NA,RC8,8:23,0,1,2,61,REVI,NA,a,NA,,NA
8/24/23,KL,playback,NA,RC8,8:23,0,1,2,61,warbler sp.,NA,a,NA,,NA
8/24/23,KL,playback,NA,RC8,8:23,0,1,2,61,NOFL,NA,a,NA,,NA
8/24/23,AB,merlin,iphone_13_mini,RC9,8:34,0,1,2,61,MODO,1,a,NA,,yes
8/24/23,EDH,hearing,NA,RC9,8:34,0,1,2,61,REVI,1,a,u,,yes
8/24/23,EDH,hearing,NA,RC9,8:34,0,1,2,61,MODO,1,a,o,,yes
8/24/23,EDH,hearing,NA,RC9,8:34,0,1,2,61,AMCR,1,a,o,,unverifiable
8/24/23,KL,playback,NA,RC9,8:34,0,1,2,61,REVI,NA,a,NA,,NA
8/24/23,KL,playback,NA,RC9,8:34,0,1,2,61,MODO,NA,a,NA,,NA
9/3/23,KL,playback,NA,RC4,8:21,1,0,1,60,BAWW,NA,a,NA,,NA
9/3/23,BDG,hearing,NA,RC5,8:33,1,0,1,65,NOFL,1,a,u,,yes
9/3/23,BDG,hearing,NA,RC5,8:33,1,0,1,65,AGOL,1,a,o,,unverifiable
9/3/23,BDG,hearing,NA,RC5,8:33,1,0,1,65,BLJA,2,a,o,,unverifiable
9/3/23,KPM,merlin,iphone_13,RC5,8:33,1,0,1,65,NOFL,1,a,NA,,yes
9/3/23,KL,playback,NA,RC5,8:33,1,0,1,65,NOFL,NA,a,NA,,NA
9/3/23,BDG,hearing,NA,RC6,8:45,1,0,1,65,BLJA,2,a,o,,unverifiable
9/3/23,KPM,merlin,iphone_13,RC6,8:45,1,0,1,65,none,NA,NA,NA,,NA
9/3/23,KL,playback,NA,RC6,8:45,1,0,1,65,BAWW,NA,a,NA,,NA
9/3/23,BDG,hearing,NA,RC7,8:57,1,0,1,65,NAWA,1,a,u,,yes
9/3/23,BDG,hearing,NA,RC7,8:57,1,0,1,65,CORA,1,a,o,,unverifiable
9/3/23,BDG,hearing,NA,RC7,8:57,1,0,1,65,CEDW,1,a,o,,unverifiable
9/3/23,BDG,hearing,NA,RC7,8:57,1,0,1,65,BCCH,1,a,o,,unverifiable
9/3/23,KPM,merlin,iphone_13,RC7,8:57,1,0,1,65,none,NA,NA,NA,,NA
9/3/23,KL,playback,NA,RC7,8:57,1,0,1,65,NAWA,NA,a,NA,,NA
9/3/23,KL,playback,NA,RC7,8:57,1,0,1,65,warbler sp.,NA,a,NA,,NA
9/3/23,KL,playback,NA,RC7,8:57,1,0,1,65,BRCR,NA,a,NA,,NA
9/3/23,BDG,hearing,NA,RC8,9:09,1,0,1,65,BLJA,4,a,u,,yes
9/3/23,BDG,hearing,NA,RC8,9:09,1,0,1,65,REVI,2,a,u,,yes
9/3/23,BDG,hearing,NA,RC8,9:09,1,0,1,65,RBNU,1,a,o,,unverifiable
9/3/23,KPM,merlin,iphone_13,RC8,9:09,1,0,1,65,BLJA,1,a,NA,,yes
9/3/23,KPM,merlin,iphone_13,RC8,9:09,1,0,1,65,REVI,1,a,NA,,yes
9/3/23,KL,playback,NA,RC8,9:09,1,0,1,65,BLJA,NA,a,NA,,NA
9/3/23,KL,playback,NA,RC8,9:09,1,0,1,65,REVI,NA,a,NA,,NA
9/3/23,BDG,hearing,NA,RC9,9:21,1,0,1,65,RBNU,1,a,o,,unverifiable
9/3/23,KPM,merlin,iphone_13,RC9,9:21,1,0,1,65,none,NA,NA,NA,,NA
9/3/23,KL,playback,NA,RC9,9:21,1,0,1,65,none,NA,NA,NA,,NA
9/10/23,ZHK,merlin,iphone_14,RC4,8:00,1,1,1,65,AGOL,1,a,NA,,yes
9/10/23,KL,playback,NA,RC4,8:00,1,1,1,65,warbler sp.,NA,a,NA,,NA
9/10/23,KL,playback,NA,RC4,8:00,1,1,1,65,BCCH,NA,a,NA,,NA
9/10/23,KL,playback,NA,RC4,8:00,1,1,1,65,AGOL,NA,a,NA,,NA
9/10/23,BDG,hearing,NA,RC5,8:09,1,1,1,65,BLJA,2,a,o,,yes
9/10/23,BDG,hearing,NA,RC5,8:09,1,1,1,65,DOWO,1,a,u,,yes
9/10/23,ZHK,merlin,iphone_14,RC5,8:09,1,1,1,65,DOWO,1,a,NA,,yes
9/10/23,KL,playback,NA,RC5,8:09,1,1,1,65,BLJA,NA,a,NA,,NA
9/10/23,KL,playback,NA,RC5,8:09,1,1,1,65,DOWO,NA,a,NA,,NA
9/10/23,BDG,hearing,NA,RC6,8:19,1,1,1,66,BLJA,3,a,o,,yes
9/10/23,ZHK,merlin,iphone_14,RC6,8:19,1,1,1,66,none,NA,NA,NA,,NA
9/10/23,KL,playback,NA,RC6,8:19,1,1,1,66,BLJA,NA,a,NA,,NA
9/10/23,BDG,hearing,NA,RC7,8:30,1,1,1,66,BLJA,1,a,o,,yes
9/10/23,BDG,hearing,NA,RC7,8:30,1,1,1,66,BCCH,1,a,u,,unverifiable
9/10/23,ZHK,merlin,iphone_14,RC7,8:30,1,1,1,66,BLJA,1,a,NA,,yes
9/10/23,KL,playback,NA,RC7,8:30,1,1,1,66,BLJA,NA,a,NA,,NA
9/10/23,BDG,hearing,NA,RC8,8:40,1,1,1,66,BCCH,1,a,o,,unverifiable
9/10/23,ZHK,merlin,iphone_14,RC8,8:40,1,1,1,66,none,NA,NA,NA,,NA
9/10/23,KL,playback,NA,RC8,8:40,1,1,1,66,none,NA,NA,NA,,NA
9/10/23,BDG,hearing,NA,RC9,8:50,1,1,1,66,BLJA,1,a,o,,unverifiable
9/10/23,BDG,hearing,NA,RC9,8:50,1,1,1,66,AMRO,1,a,u,,yes
9/10/23,ZHK,merlin,iphone_14,RC9,8:50,1,1,1,66,AMRO,1,a,NA,,yes
9/10/23,KL,playback,NA,RC9,8:50,1,1,1,66,AMRO,NA,a,NA,,NA
9/15/23,BDG,hearing,NA,RC5,7:39,0,0,1,56,BCCH,1,a,u,,no
9/15/23,BDG,hearing,NA,RC5,7:39,0,0,1,56,AGOL,2,a,u,,yes
9/15/23,BDG,hearing,NA,RC5,7:39,0,0,1,56,COYE,1,a,u,,unverifiable
9/15/23,BDG,hearing,NA,RC5,7:39,0,0,1,56,NOFL,1,a,u,,no
9/15/23,KL,playback,NA,RC5,7:39,0,0,1,56,warbler sp.,NA,a,NA,BLPW?,NA
9/15/23,KL,playback,NA,RC5,7:39,0,0,1,56,EAPH,NA,a,NA,,NA
9/15/23,KL,playback,NA,RC5,7:39,0,0,1,56,YRWA,NA,a,NA,,NA
9/15/23,KL,playback,NA,RC5,7:39,0,0,1,56,AGOL,NA,a,NA,,NA
9/15/23,KL,playback,NA,RC5,7:39,0,0,1,56,SWTH,NA,a,NA,,NA
9/15/23,KL,playback,NA,RC5,7:39,0,0,1,56,DOWO,NA,a,NA,,NA
9/15/23,KL,playback,NA,RC5,7:39,0,0,1,56,GCKI,NA,a,NA,,NA
9/15/23,BDG,hearing,NA,RC6,7:50,0,0,1,56,BCCH,1,a,u,,no
9/15/23,KPM,merlin,iphone_13,RC6,7:50,0,0,1,56,none,NA,NA,NA,,NA
9/15/23,AB,merlin,iphone_13_mini,RC6,7:50,0,0,1,56,none,NA,NA,NA,,NA
9/15/23,KL,playback,NA,RC6,7:50,0,0,1,56,warbler sp.,NA,a,NA,,NA
9/15/23,KPM,merlin,iphone_13,RC7,8:01,0,0,1,56,CMWA,1,a,NA,,no
9/15/23,BDG,hearing,NA,RC7,8:01,0,0,1,56,BCCH,1,a,u,,no
9/15/23,BDG,hearing,NA,RC7,8:01,0,0,1,56,COYE,1,a,o,,yes
9/15/23,BDG,hearing,NA,RC7,8:01,0,0,1,56,AGOL,1,a,u,,yes
9/15/23,AB,merlin,iphone_13_mini,RC7,8:01,0,0,1,56,none,NA,NA,NA,,NA
9/15/23,KL,playback,NA,RC7,8:01,0,0,1,56,warbler sp.,NA,a,NA,,NA
9/15/23,KL,playback,NA,RC7,8:01,0,0,1,56,COYE,NA,a,NA,,NA
9/15/23,KL,playback,NA,RC7,8:01,0,0,1,56,AGOL,NA,a,NA,,NA
9/15/23,KPM,merlin,iphone_13,RC8,8:11,0,0,1,56,REVI,1,a,NA,,yes
9/15/23,AB,merlin,iphone_13_mini,RC8,8:11,0,0,1,56,REVI,1,a,NA,,yes
9/15/23,BDG,hearing,NA,RC8,8:11,0,0,1,56,RBNU,1,a,u,,yes
9/15/23,BDG,hearing,NA,RC8,8:11,0,0,1,56,REVI,1,a,u,,yes
9/15/23,BDG,hearing,NA,RC8,8:11,0,0,1,56,BCCH,1,a,u,,no
9/15/23,KL,playback,NA,RC8,8:11,0,0,1,56,RBNU,NA,a,NA,,NA
9/15/23,KL,playback,NA,RC8,8:11,0,0,1,56,REVI,NA,a,NA,,NA
9/15/23,KL,playback,NA,RC8,8:11,0,0,1,56,YRWA,NA,a,NA,,NA
9/15/23,KL,playback,NA,RC8,8:11,0,0,1,56,warbler sp.,NA,a,NA,,NA
9/15/23,KPM,merlin,iphone_13,RC9,8:21,0,0,1,56,GCKI,1,a,NA,,yes
9/15/23,AB,merlin,iphone_13_mini,RC9,8:21,0,0,1,56,DEJU,1,a,NA,,no
9/15/23,AB,merlin,iphone_13_mini,RC9,8:21,0,0,1,56,GCKI,1,a,NA,,yes
9/15/23,BDG,hearing,NA,RC9,8:21,0,0,1,56,BLJA,1,a,o,,yes
9/15/23,BDG,hearing,NA,RC9,8:21,0,0,1,56,BCCH,1,a,u,,no
9/15/23,KL,playback,NA,RC9,8:21,0,0,1,56,GCKI,NA,a,NA,,NA
9/15/23,KL,playback,NA,RC9,8:21,0,0,1,56,BLJA,NA,a,NA,,NA
9/15/23,KL,playback,NA,RC9,8:21,0,0,1,56,BTNW,NA,a,NA,,NA
7/26/23,KL,playback,NA,RC9,12:14,0,0,1,74,REVI,NA,a,NA,,NA
9/18/23,BDG,hearing,NA,RC4,7:37,1,0,1,56,AMCR,2,a,o,,unverifiable
9/18/23,BDG,hearing,NA,RC4,7:37,1,0,1,56,NOFL,1,a,u,,no
9/18/23,AB,merlin,iphone_13_mini,RC4,7:37,1,0,1,56,none,NA,NA,NA,,NA
9/18/23,KL,playback,NA,RC4,7:37,1,0,1,56,warbler sp.,NA,a,NA,,NA
9/18/23,KL,playback,NA,RC4,7:37,1,0,1,56,HETH,NA,a,NA,,NA
9/18/23,AB,merlin,iphone_13_mini,RC5,7:46,1,0,1,57,BLJA,1,a,NA,,yes
9/18/23,BDG,hearing,NA,RC5,7:46,1,0,1,57,AMCR,2,a,o,,unverifiable
9/18/23,BDG,hearing,NA,RC5,7:46,1,0,1,57,BLJA,1,a,o,,yes
9/18/23,BDG,hearing,NA,RC5,7:46,1,0,1,57,CANG,3,a,o,,yes
9/18/23,KL,playback,NA,RC5,7:46,1,0,1,57,BLJA,NA,a,NA,,NA
9/18/23,KL,playback,NA,RC5,7:46,1,0,1,57,CORA,NA,a,NA,,NA
9/18/23,KL,playback,NA,RC5,7:46,1,0,1,57,CANG,NA,a,NA,,NA
8/3/23,EDH,merlin,iphone_SE,RC8,11:12,0,1,1,64,REVI,1,a,NA,,yes
8/3/23,EDH,merlin,iphone_SE,RC8,11:12,0,1,1,64,BCCH,1,a,NA,,yes
8/3/23,KL,playback,NA,RC8,11:12,0,1,1,64,REVI,NA,a,NA,,NA
8/3/23,KL,playback,NA,RC8,11:12,0,1,1,64,BCCH,NA,a,NA,,NA
8/3/23,BDG,hearing,NA,RC9,10:52,0,1,1,64,BTNW,1,a,u,,yes
8/3/23,EDH,merlin,iphone_SE,RC9,10:52,0,1,1,64,BTNW,1,a,NA,audio files,yes
8/3/23,KL,playback,NA,RC9,10:52,0,1,1,64,BTNW,NA,a,NA,,NA
9/26/23,KL,playback,NA,RC1,7:07,0,0,1,46,GCKI,NA,a,NA,,NA
9/26/23,KL,playback,NA,RC1,7:07,0,0,1,46,AMRO,NA,a,NA,,NA
9/26/23,KL,playback,NA,RC1,7:07,0,0,1,46,warbler sp.,NA,a,NA,,NA
9/26/23,KL,playback,NA,RC1,7:07,0,0,1,46,YRWA,NA,a,NA,,NA
9/26/23,KL,playback,NA,RC1,7:07,0,0,1,46,AMCR,NA,a,NA,,NA
9/26/23,KL,playback,NA,RC2,7:16,0,0,1,46,GCKI,NA,a,NA,,NA
9/26/23,KL,playback,NA,RC2,7:16,0,0,1,46,BTNW,NA,a,NA,,NA
9/26/23,KL,playback,NA,RC2,7:16,0,0,1,46,BLJA,NA,a,NA,,NA
9/26/23,KL,playback,NA,RC2,7:16,0,0,1,46,MAWA,NA,a,NA,,NA
9/26/23,KL,playback,NA,RC2,7:16,0,0,1,46,bird sp.,NA,a,NA,,NA
9/26/23,KPM,merlin,iphone_13,RC3,7:28,0,0,1,46,none,NA,NA,NA,,NA
9/26/23,KL,playback,NA,RC3,7:28,0,0,1,46,warbler sp.,NA,a,NA,,NA
9/26/23,KPM,merlin,iphone_13,RC4,7:38,0,0,1,46,sparrow sp.,NA,a,NA,,NA
9/26/23,KL,playback,NA,RC4,7:38,0,0,1,46,RBNU,NA,a,NA,,NA
9/26/23,KL,playback,NA,RC5,7:48,0,0,1,48,GCKI,NA,a,NA,,NA
9/26/23,KL,playback,NA,RC5,7:48,0,0,1,48,YRWA,NA,a,NA,,NA
9/26/23,KL,playback,NA,RC5,7:48,0,0,1,48,BLJA,NA,a,NA,,NA
9/26/23,KL,playback,NA,RC6,7:58,0,0,1,48,BCCH,NA,a,NA,,NA
9/26/23,KL,playback,NA,RC6,7:58,0,0,1,48,YRWA,NA,a,NA,,NA
9/26/23,KPM,merlin,iphone_13,RC7,8:11,0,0,1,48,none,NA,NA,NA,,NA
9/26/23,KL,playback,NA,RC7,8:11,0,0,1,48,warbler sp.,NA,a,NA,,NA
9/26/23,BDG,hearing,NA,RC8,8:21,0,0,1,48,none,NA,NA,NA,,NA
9/26/23,KPM,merlin,iphone_13,RC8,8:21,0,0,1,48,none,NA,NA,NA,,NA
9/26/23,KL,playback,NA,RC8,8:21,0,0,1,48,YRWA,NA,a,NA,,NA
9/26/23,KPM,merlin,iphone_13,RC9,8:34,0,0,1,48,none,NA,NA,NA,,NA
9/26/23,KL,playback,NA,RC9,8:34,0,0,1,48,GCKI,NA,a,NA,,NA
9/26/23,KL,playback,NA,RC10,8:46,0,0,1,48,GCKI,NA,a,NA,,NA
9/26/23,KL,playback,NA,RC9,8:34,0,0,1,48,warbler sp.,NA,a,NA,,NA
10/11/23,EJD,merlin,iphone_12_pro,RC1,14:41,1,1,0,57,none,NA,NA,NA,,NA
10/11/23,KL,playback,NA,RC1,14:41,1,1,0,57,none,NA,NA,NA,,NA
10/11/23,KL,playback,NA,RC2,14:31,1,1,0,57,none,NA,NA,NA,,NA
10/11/23,BDG,hearing,NA,RC2,14:31,1,1,0,57,none,NA,NA,NA,,NA
10/11/23,KL,playback,NA,RC4,14:11,1,1,0,57,GCKI,NA,a,NA,,NA
10/11/23,KL,playback,NA,RC4,14:11,1,1,0,57,BCCH,NA,a,NA,,NA
10/11/23,EJD,merlin,iphone_12_pro,RC5,13:47,1,1,0,57,none,NA,NA,NA,,NA
10/11/23,KL,playback,NA,RC5,13:47,1,1,0,57,none,NA,NA,NA,,NA
10/11/23,EJD,merlin,iphone_12_pro,RC6,13:38,1,1,0,56,none,NA,NA,NA,,NA
10/11/23,KL,playback,NA,RC6,13:38,1,1,0,56,none,NA,NA,NA,,NA
10/11/23,EJD,merlin,iphone_12_pro,RC7,13:28,1,1,0,56,none,NA,NA,NA,,NA
10/11/23,KL,playback,NA,RC7,13:28,1,1,0,56,BCCH,NA,a,NA,,NA
10/11/23,KL,playback,NA,RC8,13:17,1,1,0,56,BCCH,NA,a,NA,,NA
10/11/23,EJD,merlin,iphone_12_pro,RC9,13:07,1,1,0,56,none,NA,NA,NA,,NA
10/11/23,KL,playback,NA,RC9,13:07,1,1,0,56,none,NA,NA,NA,,NA
10/11/23,KL,playback,NA,RC10,12:57,1,1,0,56,GCKI,NA,a,NA,,NA
10/16/23,KL,playback,NA,RC1,7:15,2,0,2,50,GCKI,NA,a,NA,,NA
10/16/23,KL,playback,NA,RC1,7:15,2,0,2,50,YRWA,NA,a,NA,,NA
10/16/23,KL,playback,NA,RC1,7:15,2,0,2,50,PISI,NA,a,NA,,NA
10/16/23,KL,playback,NA,RC1,7:15,2,0,2,50,PUFI,NA,a,NA,,NA
10/16/23,KL,playback,NA,RC2,7:26,2,0,2,50,AMRO,NA,a,NA,,NA
10/16/23,KL,playback,NA,RC2,7:26,2,0,2,50,YRWA,NA,a,NA,,NA
10/16/23,KL,playback,NA,RC2,7:26,2,0,2,50,CORA,NA,a,NA,,NA
10/16/23,KL,playback,NA,RC2,7:26,2,0,2,50,PISI,NA,a,NA,,NA
10/16/23,KL,playback,NA,RC2,7:26,2,0,2,50,PUFI,NA,a,NA,,NA
10/16/23,KL,playback,NA,RC3,7:36,2,0,2,50,GCKI,NA,a,NA,,NA
10/16/23,KL,playback,NA,RC3,7:36,2,0,2,50,YRWA,NA,a,NA,,NA
10/16/23,KL,playback,NA,RC3,7:36,2,0,2,50,PISI,NA,a,NA,,NA
10/16/23,KL,playback,NA,RC4,7:53,2,0,2,50,DEJU,NA,a,NA,,NA
10/16/23,KL,playback,NA,RC4,7:53,2,0,2,50,YRWA,NA,a,NA,,NA
10/16/23,KL,playback,NA,RC4,7:53,2,0,2,50,BCCH,NA,a,NA,,NA
10/16/23,KL,playback,NA,RC4,7:53,2,0,2,50,WTSP,NA,a,NA,,NA
10/16/23,KL,playback,NA,RC4,7:53,2,0,2,50,GCKI,NA,a,NA,,NA
10/16/23,KL,playback,NA,RC4,7:53,2,0,2,50,PAWA,NA,a,NA,,NA
10/16/23,KL,playback,NA,RC4,7:53,2,0,2,50,warbler sp.,NA,a,NA,,NA
10/16/23,KL,playback,NA,RC5,8:03,2,0,2,50,GCKI,NA,a,NA,,NA
10/16/23,KL,playback,NA,RC5,8:03,2,0,2,50,WTSP,NA,a,NA,,NA
10/16/23,KL,playback,NA,RC5,8:03,2,0,2,50,AMCR,NA,a,NA,,NA
10/16/23,KL,playback,NA,RC5,8:03,2,0,2,50,HAWO,NA,a,NA,,NA
10/16/23,KL,playback,NA,RC5,8:03,2,0,2,50,SOSP,NA,a,NA,,NA
10/16/23,KL,playback,NA,RC5,8:03,2,0,2,50,CHSP,NA,a,NA,,NA
10/16/23,KL,playback,NA,RC5,8:03,2,0,2,50,YRWA,NA,a,NA,,NA
10/16/23,JAA,merlin,iphone_14,RC6,8:16,2,0,2,50,none,NA,NA,NA,,NA
10/16/23,KL,playback,NA,RC6,8:16,2,0,2,50,YRWA,NA,a,NA,,NA
10/16/23,KL,playback,NA,RC6,8:16,2,0,2,50,AMRO,NA,a,NA,,NA
10/16/23,KL,playback,NA,RC6,8:16,2,0,2,50,HETH,NA,a,NA,,NA
10/16/23,JAA,merlin,iphone_14,RC7,8:26,2,0,2,50,none,NA,NA,NA,,NA
10/16/23,KL,playback,NA,RC7,8:26,2,0,2,50,none,NA,NA,NA,,NA
10/16/23,KL,playback,NA,RC8,8:36,2,0,2,50,PIWO,NA,a,NA,,NA
10/16/23,KL,playback,NA,RC8,8:36,2,0,2,50,YRWA,NA,a,NA,,NA
10/16/23,KL,playback,NA,RC8,8:36,2,0,2,50,AMCR,NA,a,NA,,NA
10/16/23,KL,playback,NA,RC8,8:36,2,0,2,50,BCCH,NA,a,NA,,NA
10/16/23,KL,playback,NA,RC8,8:36,2,0,2,50,DEJU,NA,a,NA,,NA
10/16/23,KL,playback,NA,RC9,8:46,2,0,2,50,YRWA,NA,a,NA,,NA
10/16/23,KL,playback,NA,RC9,8:46,2,0,2,50,DEJU,NA,a,NA,,NA
10/16/23,JAA,merlin,iphone_14,RC10,8:56,2,0,2,50,none,NA,NA,NA,,NA
10/16/23,KL,playback,NA,RC10,8:56,2,0,2,50,none,NA,a,NA,,NA
10/27/23,BDG,hearing,NA,RC1,7:31,0,0,1,55,AMRO,2,a,u,,yes
10/27/23,BDG,hearing,NA,RC1,7:31,0,0,1,55,DEJU,5,a,u,,no
10/27/23,BDG,hearing,NA,RC1,7:31,0,0,1,55,AGOL,5,a,o,,unverifiable
10/27/23,BDG,hearing,NA,RC1,7:31,0,0,1,55,AMCR,2,a,o,,unverifiable
10/27/23,BDG,hearing,NA,RC2,7:45,0,0,1,55,PISI,1,a,o,,unverifiable
10/27/23,BDG,hearing,NA,RC2,7:45,0,0,1,55,AMCR,2,a,o,,yes
10/27/23,BDG,hearing,NA,RC3,7:56,0,0,1,55,AMCR,3,a,o,,yes
10/27/23,BDG,hearing,NA,RC3,7:56,0,0,1,55,BLJA,2,a,o,,unverifiable
10/27/23,BDG,hearing,NA,RC3,7:56,0,0,1,55,PISI,2,a,o,,yes
10/27/23,BDG,hearing,NA,RC4,8:06,0,0,1,55,BLJA,4,v,u,,yes
10/27/23,BDG,hearing,NA,RC4,8:06,0,0,1,55,AGOL,3,a,u,,yes
10/27/23,BDG,hearing,NA,RC4,8:06,0,0,1,55,BRCR,1,a,u,,yes
10/27/23,BDG,hearing,NA,RC4,8:06,0,0,1,55,AMRO,5,a,u,,yes
10/27/23,BDG,hearing,NA,RC5,8:16,0,0,1,55,PISI,3,a,o,,yes
10/27/23,BDG,hearing,NA,RC5,8:16,0,0,1,55,GCKI,3,a,o,,yes
10/27/23,BDG,hearing,NA,RC5,8:16,0,0,1,55,AMCR,1,a,o,,yes
10/27/23,BDG,hearing,NA,RC6,8:26,0,0,1,55,AMCR,1,a,o,,yes
10/27/23,BDG,hearing,NA,RC6,8:26,0,0,1,55,AMRO,3,a,u,,yes
10/27/23,BDG,hearing,NA,RC7,8:36,0,0,1,55,GCKI,3,a,u,,yes
10/27/23,BDG,hearing,NA,RC8,8:46,0,0,1,55,GCKI,1,a,u,,yes
10/27/23,BDG,hearing,NA,RC9,8:56,0,0,1,55,GCKI,1,a,u,,yes
10/27/23,BDG,hearing,NA,RC9,8:56,0,0,1,55,AMCR,1,a,o,,unverifiable
10/27/23,BDG,hearing,NA,RC10,9:05,0,0,1,55,PISI,2,a,u,,yes
10/27/23,BDG,hearing,NA,RC10,9:05,0,0,1,55,CORA,1,a,o,,yes
10/27/23,BDG,hearing,NA,RC10,9:05,0,0,1,55,AMCR,2,a,o,,unverifiable
10/27/23,AB,merlin,iphone_13_mini,RC1,7:31,0,0,1,55,YRWA,1,a,NA,,yes
10/27/23,AB,merlin,iphone_13_mini,RC1,7:31,0,0,1,55,AMRO,1,a,NA,,yes
10/27/23,AB,merlin,iphone_13_mini,RC2,7:45,0,0,1,55,GRCA,1,a,NA,,no
10/27/23,AB,merlin,iphone_13_mini,RC4,8:06,0,0,1,55,AGOL,1,a,NA,,yes
10/27/23,AB,merlin,iphone_13_mini,RC4,8:06,0,0,1,55,YRWA,1,a,NA,,yes
10/27/23,AB,merlin,iphone_13_mini,RC4,8:06,0,0,1,55,AMRO,1,a,NA,,yes
10/27/23,AB,merlin,iphone_13_mini,RC4,8:06,0,0,1,55,BRCR,1,a,NA,,yes
10/27/23,AB,merlin,iphone_13_mini,RC5,8:16,0,0,1,55,GCKI,1,a,NA,,yes
10/27/23,AB,merlin,iphone_13_mini,RC5,8:16,0,0,1,55,GRCA,1,a,NA,,no
10/27/23,AB,merlin,iphone_13_mini,RC6,8:26,0,0,1,55,AMRO,1,a,NA,,yes
10/27/23,AB,merlin,iphone_13_mini,RC6,8:26,0,0,1,55,PIWO,1,a,NA,,no
10/27/23,AB,merlin,iphone_13_mini,RC7,8:36,0,0,1,55,GCKI,1,a,NA,,yes
10/27/23,AB,merlin,iphone_13_mini,RC7,8:36,0,0,1,55,BRCR,1,a,NA,,no
10/27/23,AB,merlin,iphone_13_mini,RC8,8:46,0,0,1,55,GCKI,1,a,NA,,yes
10/27/23,AB,merlin,iphone_13_mini,RC9,8:56,0,0,1,55,GCKI,1,a,NA,,yes
10/27/23,AB,merlin,iphone_13_mini,RC10,9:05,0,0,1,55,PISI,1,a,NA,,yes
10/27/23,JAA,merlin,iphone_14,RC1,7:31,0,0,1,55,AMRO,1,a,NA,,yes
10/27/23,JAA,merlin,iphone_14,RC1,7:31,0,0,1,55,YRWA,1,a,NA,,yes
10/27/23,JAA,merlin,iphone_14,RC4,8:06,0,0,1,55,AGOL,1,a,NA,,yes
10/27/23,JAA,merlin,iphone_14,RC4,8:06,0,0,1,55,AMRO,1,a,NA,,yes
10/27/23,JAA,merlin,iphone_14,RC4,8:06,0,0,1,55,YRWA,1,a,NA,,yes
10/27/23,JAA,merlin,iphone_14,RC4,8:06,0,0,1,55,BRCR,1,a,NA,,yes
10/27/23,JAA,merlin,iphone_14,RC5,8:16,0,0,1,55,GCKI,1,a,NA,,yes
10/27/23,JAA,merlin,iphone_14,RC5,8:16,0,0,1,55,PISI,1,a,NA,,yes
10/27/23,JAA,merlin,iphone_14,RC6,8:26,0,0,1,55,AMRO,1,a,NA,,yes
10/27/23,JAA,merlin,iphone_14,RC7,8:36,0,0,1,55,GCKI,1,a,NA,,yes
10/27/23,JAA,merlin,iphone_14,RC8,8:46,0,0,1,55,GCKI,1,a,NA,,yes
10/27/23,JAA,merlin,iphone_14,RC9,8:56,0,0,1,55,GCKI,1,a,NA,,yes
10/27/23,KL,playback,NA,RC1,7:31,0,0,1,55,YRWA,NA,a,NA,,NA
10/27/23,KL,playback,NA,RC1,7:31,0,0,1,55,AMRO,NA,a,NA,,NA
10/27/23,JAA,merlin,iphone_14,RC2,7:45,0,0,1,55,none,NA,NA,NA,,NA
10/27/23,KL,playback,NA,RC2,7:45,0,0,1,55,AMCR,NA,a,NA,,NA
10/27/23,AB,merlin,iphone_13_mini,RC3,7:56,0,0,1,55,none,NA,NA,NA,,NA
10/27/23,JAA,merlin,iphone_14,RC3,7:56,0,0,1,55,none,NA,NA,NA,,NA
10/27/23,KL,playback,NA,RC3,7:56,0,0,1,55,AMCR,NA,a,NA,,NA
10/27/23,KL,playback,NA,RC3,7:56,0,0,1,55,PISI,NA,a,NA,,NA
10/27/23,KL,playback,NA,RC4,8:06,0,0,1,55,BLJA,NA,a,NA,,NA
10/27/23,KL,playback,NA,RC4,8:06,0,0,1,55,YRWA,NA,a,NA,,NA
10/27/23,KL,playback,NA,RC4,8:06,0,0,1,55,AGOL,NA,a,NA,,NA
10/27/23,KL,playback,NA,RC4,8:06,0,0,1,55,AMRO,NA,a,NA,,NA
10/27/23,KL,playback,NA,RC4,8:06,0,0,1,55,BRCR,NA,a,NA,,NA
10/27/23,KL,playback,NA,RC5,8:16,0,0,1,55,PISI,NA,a,NA,,NA
10/27/23,KL,playback,NA,RC5,8:16,0,0,1,55,GCKI,NA,a,NA,,NA
10/27/23,KL,playback,NA,RC5,8:16,0,0,1,55,AMCR,NA,a,NA,,NA
10/27/23,KL,playback,NA,RC6,8:26,0,0,1,55,AMCR,NA,a,NA,,NA
10/27/23,KL,playback,NA,RC6,8:26,0,0,1,55,AMRO,NA,a,NA,,NA
10/27/23,KL,playback,NA,RC7,8:36,0,0,1,55,GCKI,NA,a,NA,,NA
10/27/23,KL,playback,NA,RC8,8:46,0,0,1,55,GCKI,NA,a,NA,,NA
10/27/23,KL,playback,NA,RC9,8:56,0,0,1,55,GCKI,NA,a,NA,,NA
10/27/23,KL,playback,NA,RC9,8:56,0,0,1,55,AMCR,NA,a,NA,,NA
10/27/23,JAA,merlin,iphone_14,RC10,9:05,0,0,1,55,none,NA,NA,NA,,NA
10/27/23,KL,playback,NA,RC10,9:05,0,0,1,55,PISI,NA,a,NA,,NA
10/27/23,KL,playback,NA,RC10,9:05,0,0,1,55,CORA,NA,a,NA,,NA