"point.number","species.code","perc","obs"
"RC1","AGOL",0.133333333333333,"human"
"RC1","AMCR",0.533333333333333,"human"
"RC1","AMPI",NA,"human"
"RC1","AMRO",0.133333333333333,"human"
"RC1","BADO",0.0666666666666667,"human"
"RC1","BAWW",NA,"human"
"RC1","BCCH",0.0666666666666667,"human"
"RC1","BHVI",NA,"human"
"RC1","BLJA",0.133333333333333,"human"
"RC1","BLPW",NA,"human"
"RC1","BRCR",NA,"human"
"RC1","BTNW",0.133333333333333,"human"
"RC1","BWHA",0.0666666666666667,"human"
"RC1","CANG",NA,"human"
"RC1","CEDW",0.0666666666666667,"human"
"RC1","CHSP",NA,"human"
"RC1","COHA",NA,"human"
"RC1","CORA",0.0666666666666667,"human"
"RC1","COYE",NA,"human"
"RC1","DEJU",NA,"human"
"RC1","DOWO",NA,"human"
"RC1","EAKI",NA,"human"
"RC1","EAPH",NA,"human"
"RC1","GCKI",0.2,"human"
"RC1","GRCA",NA,"human"
"RC1","HAWO",0.0666666666666667,"human"
"RC1","HERG",NA,"human"
"RC1","HETH",0.2,"human"
"RC1","HOFI",NA,"human"
"RC1","LEFL",NA,"human"
"RC1","MAWA",NA,"human"
"RC1","MODO",0.0666666666666667,"human"
"RC1","NAWA",NA,"human"
"RC1","NOFL",NA,"human"
"RC1","NOPA",NA,"human"
"RC1","OSPR",0.0666666666666667,"human"
"RC1","OVEN",NA,"human"
"RC1","PAWA",NA,"human"
"RC1","PISI",0.0666666666666667,"human"
"RC1","PIWA",NA,"human"
"RC1","PIWO",NA,"human"
"RC1","PUFI",NA,"human"
"RC1","RBNU",0.333333333333333,"human"
"RC1","RECR",NA,"human"
"RC1","REVI",0.133333333333333,"human"
"RC1","SOSP",NA,"human"
"RC1","SWTH",0.0666666666666667,"human"
"RC1","WTSP",0.0666666666666667,"human"
"RC1","WWCR",NA,"human"
"RC1","YRWA",0.133333333333333,"human"
"RC2","AGOL",0.133333333333333,"human"
"RC2","AMCR",0.333333333333333,"human"
"RC2","AMPI",NA,"human"
"RC2","AMRO",0.0666666666666667,"human"
"RC2","BADO",NA,"human"
"RC2","BAWW",NA,"human"
"RC2","BCCH",0.266666666666667,"human"
"RC2","BHVI",NA,"human"
"RC2","BLJA",0.133333333333333,"human"
"RC2","BLPW",NA,"human"
"RC2","BRCR",NA,"human"
"RC2","BTNW",0.266666666666667,"human"
"RC2","BWHA",NA,"human"
"RC2","CANG",NA,"human"
"RC2","CEDW",NA,"human"
"RC2","CHSP",NA,"human"
"RC2","COHA",NA,"human"
"RC2","CORA",0.0666666666666667,"human"
"RC2","COYE",0.0666666666666667,"human"
"RC2","DEJU",NA,"human"
"RC2","DOWO",NA,"human"
"RC2","EAKI",NA,"human"
"RC2","EAPH",NA,"human"
"RC2","GCKI",0.333333333333333,"human"
"RC2","GRCA",NA,"human"
"RC2","HAWO",NA,"human"
"RC2","HERG",0.0666666666666667,"human"
"RC2","HETH",0.0666666666666667,"human"
"RC2","HOFI",NA,"human"
"RC2","LEFL",NA,"human"
"RC2","MAWA",NA,"human"
"RC2","MODO",0.0666666666666667,"human"
"RC2","NAWA",NA,"human"
"RC2","NOFL",NA,"human"
"RC2","NOPA",NA,"human"
"RC2","OSPR",0.0666666666666667,"human"
"RC2","OVEN",0.0666666666666667,"human"
"RC2","PAWA",NA,"human"
"RC2","PISI",0.133333333333333,"human"
"RC2","PIWA",NA,"human"
"RC2","PIWO",NA,"human"
"RC2","PUFI",NA,"human"
"RC2","RBNU",0.2,"human"
"RC2","RECR",NA,"human"
"RC2","REVI",0.2,"human"
"RC2","SOSP",NA,"human"
"RC2","SWTH",NA,"human"
"RC2","WTSP",0.2,"human"
"RC2","WWCR",NA,"human"
"RC2","YRWA",0.133333333333333,"human"
"RC3","AGOL",0.0714285714285714,"human"
"RC3","AMCR",0.5,"human"
"RC3","AMPI",NA,"human"
"RC3","AMRO",NA,"human"
"RC3","BADO",NA,"human"
"RC3","BAWW",NA,"human"
"RC3","BCCH",0.142857142857143,"human"
"RC3","BHVI",NA,"human"
"RC3","BLJA",0.214285714285714,"human"
"RC3","BLPW",NA,"human"
"RC3","BRCR",NA,"human"
"RC3","BTNW",0.285714285714286,"human"
"RC3","BWHA",0.0714285714285714,"human"
"RC3","CANG",NA,"human"
"RC3","CEDW",NA,"human"
"RC3","CHSP",NA,"human"
"RC3","COHA",NA,"human"
"RC3","CORA",NA,"human"
"RC3","COYE",NA,"human"
"RC3","DEJU",0.0714285714285714,"human"
"RC3","DOWO",NA,"human"
"RC3","EAKI",NA,"human"
"RC3","EAPH",NA,"human"
"RC3","GCKI",0.285714285714286,"human"
"RC3","GRCA",0.0714285714285714,"human"
"RC3","HAWO",NA,"human"
"RC3","HERG",NA,"human"
"RC3","HETH",0.0714285714285714,"human"
"RC3","HOFI",NA,"human"
"RC3","LEFL",NA,"human"
"RC3","MAWA",NA,"human"
"RC3","MODO",0.142857142857143,"human"
"RC3","NAWA",0.0714285714285714,"human"
"RC3","NOFL",NA,"human"
"RC3","NOPA",NA,"human"
"RC3","OSPR",NA,"human"
"RC3","OVEN",0.0714285714285714,"human"
"RC3","PAWA",NA,"human"
"RC3","PISI",0.142857142857143,"human"
"RC3","PIWA",NA,"human"
"RC3","PIWO",NA,"human"
"RC3","PUFI",NA,"human"
"RC3","RBNU",0.214285714285714,"human"
"RC3","RECR",NA,"human"
"RC3","REVI",0.5,"human"
"RC3","SOSP",NA,"human"
"RC3","SWTH",NA,"human"
"RC3","WTSP",NA,"human"
"RC3","WWCR",NA,"human"
"RC3","YRWA",0.0714285714285714,"human"
"RC4","AGOL",0.133333333333333,"human"
"RC4","AMCR",0.2,"human"
"RC4","AMPI",NA,"human"
"RC4","AMRO",0.133333333333333,"human"
"RC4","BADO",NA,"human"
"RC4","BAWW",0.133333333333333,"human"
"RC4","BCCH",0.466666666666667,"human"
"RC4","BHVI",NA,"human"
"RC4","BLJA",0.2,"human"
"RC4","BLPW",NA,"human"
"RC4","BRCR",0.0666666666666667,"human"
"RC4","BTNW",0.266666666666667,"human"
"RC4","BWHA",NA,"human"
"RC4","CANG",NA,"human"
"RC4","CEDW",NA,"human"
"RC4","CHSP",NA,"human"
"RC4","COHA",NA,"human"
"RC4","CORA",NA,"human"
"RC4","COYE",NA,"human"
"RC4","DEJU",0.133333333333333,"human"
"RC4","DOWO",NA,"human"
"RC4","EAKI",NA,"human"
"RC4","EAPH",NA,"human"
"RC4","GCKI",0.0666666666666667,"human"
"RC4","GRCA",NA,"human"
"RC4","HAWO",NA,"human"
"RC4","HERG",NA,"human"
"RC4","HETH",0.133333333333333,"human"
"RC4","HOFI",NA,"human"
"RC4","LEFL",NA,"human"
"RC4","MAWA",0.0666666666666667,"human"
"RC4","MODO",0.0666666666666667,"human"
"RC4","NAWA",0.0666666666666667,"human"
"RC4","NOFL",NA,"human"
"RC4","NOPA",NA,"human"
"RC4","OSPR",NA,"human"
"RC4","OVEN",0.2,"human"
"RC4","PAWA",NA,"human"
"RC4","PISI",NA,"human"
"RC4","PIWA",NA,"human"
"RC4","PIWO",NA,"human"
"RC4","PUFI",NA,"human"
"RC4","RBNU",0.2,"human"
"RC4","RECR",NA,"human"
"RC4","REVI",0.266666666666667,"human"
"RC4","SOSP",NA,"human"
"RC4","SWTH",NA,"human"
"RC4","WTSP",0.133333333333333,"human"
"RC4","WWCR",NA,"human"
"RC4","YRWA",0.0666666666666667,"human"
"RC5","AGOL",0.133333333333333,"human"
"RC5","AMCR",0.266666666666667,"human"
"RC5","AMPI",NA,"human"
"RC5","AMRO",0.133333333333333,"human"
"RC5","BADO",NA,"human"
"RC5","BAWW",NA,"human"
"RC5","BCCH",0.0666666666666667,"human"
"RC5","BHVI",0.0666666666666667,"human"
"RC5","BLJA",0.333333333333333,"human"
"RC5","BLPW",NA,"human"
"RC5","BRCR",NA,"human"
"RC5","BTNW",0.0666666666666667,"human"
"RC5","BWHA",NA,"human"
"RC5","CANG",0.0666666666666667,"human"
"RC5","CEDW",NA,"human"
"RC5","CHSP",NA,"human"
"RC5","COHA",0.0666666666666667,"human"
"RC5","CORA",NA,"human"
"RC5","COYE",0.0666666666666667,"human"
"RC5","DEJU",0.0666666666666667,"human"
"RC5","DOWO",0.0666666666666667,"human"
"RC5","EAKI",0.0666666666666667,"human"
"RC5","EAPH",NA,"human"
"RC5","GCKI",0.2,"human"
"RC5","GRCA",NA,"human"
"RC5","HAWO",0.0666666666666667,"human"
"RC5","HERG",NA,"human"
"RC5","HETH",0.2,"human"
"RC5","HOFI",NA,"human"
"RC5","LEFL",NA,"human"
"RC5","MAWA",0.0666666666666667,"human"
"RC5","MODO",0.133333333333333,"human"
"RC5","NAWA",NA,"human"
"RC5","NOFL",0.133333333333333,"human"
"RC5","NOPA",NA,"human"
"RC5","OSPR",NA,"human"
"RC5","OVEN",0.0666666666666667,"human"
"RC5","PAWA",NA,"human"
"RC5","PISI",0.0666666666666667,"human"
"RC5","PIWA",NA,"human"
"RC5","PIWO",NA,"human"
"RC5","PUFI",NA,"human"
"RC5","RBNU",0.0666666666666667,"human"
"RC5","RECR",NA,"human"
"RC5","REVI",0.133333333333333,"human"
"RC5","SOSP",NA,"human"
"RC5","SWTH",NA,"human"
"RC5","WTSP",0.0666666666666667,"human"
"RC5","WWCR",NA,"human"
"RC5","YRWA",0.0666666666666667,"human"
"RC6","AGOL",NA,"human"
"RC6","AMCR",0.214285714285714,"human"
"RC6","AMPI",NA,"human"
"RC6","AMRO",0.214285714285714,"human"
"RC6","BADO",NA,"human"
"RC6","BAWW",0.0714285714285714,"human"
"RC6","BCCH",0.0714285714285714,"human"
"RC6","BHVI",NA,"human"
"RC6","BLJA",0.142857142857143,"human"
"RC6","BLPW",NA,"human"
"RC6","BRCR",NA,"human"
"RC6","BTNW",0.214285714285714,"human"
"RC6","BWHA",NA,"human"
"RC6","CANG",NA,"human"
"RC6","CEDW",0.0714285714285714,"human"
"RC6","CHSP",NA,"human"
"RC6","COHA",NA,"human"
"RC6","CORA",NA,"human"
"RC6","COYE",NA,"human"
"RC6","DEJU",0.0714285714285714,"human"
"RC6","DOWO",NA,"human"
"RC6","EAKI",NA,"human"
"RC6","EAPH",NA,"human"
"RC6","GCKI",NA,"human"
"RC6","GRCA",NA,"human"
"RC6","HAWO",NA,"human"
"RC6","HERG",NA,"human"
"RC6","HETH",0.214285714285714,"human"
"RC6","HOFI",NA,"human"
"RC6","LEFL",NA,"human"
"RC6","MAWA",NA,"human"
"RC6","MODO",0.214285714285714,"human"
"RC6","NAWA",NA,"human"
"RC6","NOFL",NA,"human"
"RC6","NOPA",NA,"human"
"RC6","OSPR",0.0714285714285714,"human"
"RC6","OVEN",0.0714285714285714,"human"
"RC6","PAWA",NA,"human"
"RC6","PISI",NA,"human"
"RC6","PIWA",NA,"human"
"RC6","PIWO",NA,"human"
"RC6","PUFI",NA,"human"
"RC6","RBNU",NA,"human"
"RC6","RECR",NA,"human"
"RC6","REVI",NA,"human"
"RC6","SOSP",NA,"human"
"RC6","SWTH",NA,"human"
"RC6","WTSP",NA,"human"
"RC6","WWCR",NA,"human"
"RC6","YRWA",0.0714285714285714,"human"
"RC7","AGOL",0.214285714285714,"human"
"RC7","AMCR",0.0714285714285714,"human"
"RC7","AMPI",NA,"human"
"RC7","AMRO",NA,"human"
"RC7","BADO",NA,"human"
"RC7","BAWW",NA,"human"
"RC7","BCCH",0.285714285714286,"human"
"RC7","BHVI",NA,"human"
"RC7","BLJA",0.142857142857143,"human"
"RC7","BLPW",NA,"human"
"RC7","BRCR",NA,"human"
"RC7","BTNW",NA,"human"
"RC7","BWHA",NA,"human"
"RC7","CANG",NA,"human"
"RC7","CEDW",0.0714285714285714,"human"
"RC7","CHSP",NA,"human"
"RC7","COHA",NA,"human"
"RC7","CORA",0.0714285714285714,"human"
"RC7","COYE",0.0714285714285714,"human"
"RC7","DEJU",0.0714285714285714,"human"
"RC7","DOWO",NA,"human"
"RC7","EAKI",NA,"human"
"RC7","EAPH",NA,"human"
"RC7","GCKI",0.142857142857143,"human"
"RC7","GRCA",0.0714285714285714,"human"
"RC7","HAWO",NA,"human"
"RC7","HERG",NA,"human"
"RC7","HETH",0.285714285714286,"human"
"RC7","HOFI",NA,"human"
"RC7","LEFL",NA,"human"
"RC7","MAWA",NA,"human"
"RC7","MODO",0.142857142857143,"human"
"RC7","NAWA",0.0714285714285714,"human"
"RC7","NOFL",NA,"human"
"RC7","NOPA",NA,"human"
"RC7","OSPR",NA,"human"
"RC7","OVEN",0.0714285714285714,"human"
"RC7","PAWA",NA,"human"
"RC7","PISI",NA,"human"
"RC7","PIWA",0.0714285714285714,"human"
"RC7","PIWO",NA,"human"
"RC7","PUFI",NA,"human"
"RC7","RBNU",NA,"human"
"RC7","RECR",NA,"human"
"RC7","REVI",NA,"human"
"RC7","SOSP",NA,"human"
"RC7","SWTH",NA,"human"
"RC7","WTSP",0.142857142857143,"human"
"RC7","WWCR",NA,"human"
"RC7","YRWA",0.0714285714285714,"human"
"RC8","AGOL",NA,"human"
"RC8","AMCR",0.142857142857143,"human"
"RC8","AMPI",NA,"human"
"RC8","AMRO",NA,"human"
"RC8","BADO",NA,"human"
"RC8","BAWW",NA,"human"
"RC8","BCCH",0.357142857142857,"human"
"RC8","BHVI",NA,"human"
"RC8","BLJA",0.142857142857143,"human"
"RC8","BLPW",NA,"human"
"RC8","BRCR",NA,"human"
"RC8","BTNW",0.142857142857143,"human"
"RC8","BWHA",NA,"human"
"RC8","CANG",NA,"human"
"RC8","CEDW",NA,"human"
"RC8","CHSP",NA,"human"
"RC8","COHA",NA,"human"
"RC8","CORA",NA,"human"
"RC8","COYE",NA,"human"
"RC8","DEJU",0.142857142857143,"human"
"RC8","DOWO",NA,"human"
"RC8","EAKI",NA,"human"
"RC8","EAPH",NA,"human"
"RC8","GCKI",0.214285714285714,"human"
"RC8","GRCA",NA,"human"
"RC8","HAWO",NA,"human"
"RC8","HERG",NA,"human"
"RC8","HETH",0.142857142857143,"human"
"RC8","HOFI",NA,"human"
"RC8","LEFL",NA,"human"
"RC8","MAWA",NA,"human"
"RC8","MODO",0.0714285714285714,"human"
"RC8","NAWA",NA,"human"
"RC8","NOFL",NA,"human"
"RC8","NOPA",NA,"human"
"RC8","OSPR",NA,"human"
"RC8","OVEN",0.0714285714285714,"human"
"RC8","PAWA",NA,"human"
"RC8","PISI",NA,"human"
"RC8","PIWA",NA,"human"
"RC8","PIWO",0.0714285714285714,"human"
"RC8","PUFI",NA,"human"
"RC8","RBNU",0.142857142857143,"human"
"RC8","RECR",NA,"human"
"RC8","REVI",0.428571428571429,"human"
"RC8","SOSP",NA,"human"
"RC8","SWTH",NA,"human"
"RC8","WTSP",0.0714285714285714,"human"
"RC8","WWCR",NA,"human"
"RC8","YRWA",NA,"human"
"RC9","AGOL",NA,"human"
"RC9","AMCR",0.142857142857143,"human"
"RC9","AMPI",NA,"human"
"RC9","AMRO",0.0714285714285714,"human"
"RC9","BADO",NA,"human"
"RC9","BAWW",NA,"human"
"RC9","BCCH",NA,"human"
"RC9","BHVI",NA,"human"
"RC9","BLJA",0.142857142857143,"human"
"RC9","BLPW",NA,"human"
"RC9","BRCR",NA,"human"
"RC9","BTNW",0.285714285714286,"human"
"RC9","BWHA",NA,"human"
"RC9","CANG",NA,"human"
"RC9","CEDW",NA,"human"
"RC9","CHSP",NA,"human"
"RC9","COHA",NA,"human"
"RC9","CORA",NA,"human"
"RC9","COYE",NA,"human"
"RC9","DEJU",0.142857142857143,"human"
"RC9","DOWO",NA,"human"
"RC9","EAKI",NA,"human"
"RC9","EAPH",NA,"human"
"RC9","GCKI",0.142857142857143,"human"
"RC9","GRCA",NA,"human"
"RC9","HAWO",NA,"human"
"RC9","HERG",NA,"human"
"RC9","HETH",0.214285714285714,"human"
"RC9","HOFI",NA,"human"
"RC9","LEFL",NA,"human"
"RC9","MAWA",NA,"human"
"RC9","MODO",0.142857142857143,"human"
"RC9","NAWA",NA,"human"
"RC9","NOFL",0.0714285714285714,"human"
"RC9","NOPA",NA,"human"
"RC9","OSPR",NA,"human"
"RC9","OVEN",NA,"human"
"RC9","PAWA",NA,"human"
"RC9","PISI",NA,"human"
"RC9","PIWA",NA,"human"
"RC9","PIWO",NA,"human"
"RC9","PUFI",NA,"human"
"RC9","RBNU",0.142857142857143,"human"
"RC9","RECR",NA,"human"
"RC9","REVI",0.285714285714286,"human"
"RC9","SOSP",NA,"human"
"RC9","SWTH",NA,"human"
"RC9","WTSP",NA,"human"
"RC9","WWCR",NA,"human"
"RC9","YRWA",0.0714285714285714,"human"
"RC10","AGOL",NA,"human"
"RC10","AMCR",0.0714285714285714,"human"
"RC10","AMPI",NA,"human"
"RC10","AMRO",0.0714285714285714,"human"
"RC10","BADO",NA,"human"
"RC10","BAWW",NA,"human"
"RC10","BCCH",0.142857142857143,"human"
"RC10","BHVI",NA,"human"
"RC10","BLJA",NA,"human"
"RC10","BLPW",NA,"human"
"RC10","BRCR",NA,"human"
"RC10","BTNW",0.214285714285714,"human"
"RC10","BWHA",NA,"human"
"RC10","CANG",NA,"human"
"RC10","CEDW",0.142857142857143,"human"
"RC10","CHSP",NA,"human"
"RC10","COHA",NA,"human"
"RC10","CORA",0.0714285714285714,"human"
"RC10","COYE",NA,"human"
"RC10","DEJU",0.142857142857143,"human"
"RC10","DOWO",NA,"human"
"RC10","EAKI",NA,"human"
"RC10","EAPH",NA,"human"
"RC10","GCKI",0.214285714285714,"human"
"RC10","GRCA",NA,"human"
"RC10","HAWO",NA,"human"
"RC10","HERG",NA,"human"
"RC10","HETH",0.142857142857143,"human"
"RC10","HOFI",NA,"human"
"RC10","LEFL",NA,"human"
"RC10","MAWA",NA,"human"
"RC10","MODO",0.0714285714285714,"human"
"RC10","NAWA",NA,"human"
"RC10","NOFL",0.0714285714285714,"human"
"RC10","NOPA",0.0714285714285714,"human"
"RC10","OSPR",NA,"human"
"RC10","OVEN",0.0714285714285714,"human"
"RC10","PAWA",NA,"human"
"RC10","PISI",0.0714285714285714,"human"
"RC10","PIWA",NA,"human"
"RC10","PIWO",NA,"human"
"RC10","PUFI",NA,"human"
"RC10","RBNU",0.142857142857143,"human"
"RC10","RECR",NA,"human"
"RC10","REVI",0.357142857142857,"human"
"RC10","SOSP",NA,"human"
"RC10","SWTH",NA,"human"
"RC10","WTSP",NA,"human"
"RC10","WWCR",NA,"human"
"RC10","YRWA",NA,"human"
"RC1","AGOL",NA,"merlin"
"RC1","AMCR",0.0666666666666667,"merlin"
"RC1","AMPI",NA,"merlin"
"RC1","AMRO",0.0666666666666667,"merlin"
"RC1","BADO",NA,"merlin"
"RC1","BAWW",0.0666666666666667,"merlin"
"RC1","BCCH",0.0666666666666667,"merlin"
"RC1","BHVI",0.0666666666666667,"merlin"
"RC1","BLJA",NA,"merlin"
"RC1","BLPW",NA,"merlin"
"RC1","BRCR",NA,"merlin"
"RC1","BTNW",0.133333333333333,"merlin"
"RC1","BWHA",NA,"merlin"
"RC1","CANG",NA,"merlin"
"RC1","CEDW",0.0666666666666667,"merlin"
"RC1","CHSP",NA,"merlin"
"RC1","COHA",NA,"merlin"
"RC1","CORA",0.0666666666666667,"merlin"
"RC1","COYE",NA,"merlin"
"RC1","DEJU",NA,"merlin"
"RC1","DOWO",NA,"merlin"
"RC1","EAKI",NA,"merlin"
"RC1","EAPH",NA,"merlin"
"RC1","GCKI",0.2,"merlin"
"RC1","GRCA",NA,"merlin"
"RC1","HAWO",0.0666666666666667,"merlin"
"RC1","HERG",NA,"merlin"
"RC1","HETH",0.0666666666666667,"merlin"
"RC1","HOFI",NA,"merlin"
"RC1","LEFL",NA,"merlin"
"RC1","MAWA",NA,"merlin"
"RC1","MODO",NA,"merlin"
"RC1","NAWA",NA,"merlin"
"RC1","NOFL",NA,"merlin"
"RC1","NOPA",NA,"merlin"
"RC1","OSPR",0.0666666666666667,"merlin"
"RC1","OVEN",NA,"merlin"
"RC1","PAWA",NA,"merlin"
"RC1","PISI",0.0666666666666667,"merlin"
"RC1","PIWA",NA,"merlin"
"RC1","PIWO",NA,"merlin"
"RC1","PUFI",NA,"merlin"
"RC1","RBNU",NA,"merlin"
"RC1","RECR",NA,"merlin"
"RC1","REVI",NA,"merlin"
"RC1","SOSP",NA,"merlin"
"RC1","SWTH",NA,"merlin"
"RC1","WTSP",0.0666666666666667,"merlin"
"RC1","WWCR",NA,"merlin"
"RC1","YRWA",0.2,"merlin"
"RC2","AGOL",0.0666666666666667,"merlin"
"RC2","AMCR",0.133333333333333,"merlin"
"RC2","AMPI",NA,"merlin"
"RC2","AMRO",0.0666666666666667,"merlin"
"RC2","BADO",NA,"merlin"
"RC2","BAWW",NA,"merlin"
"RC2","BCCH",0.266666666666667,"merlin"
"RC2","BHVI",NA,"merlin"
"RC2","BLJA",NA,"merlin"
"RC2","BLPW",NA,"merlin"
"RC2","BRCR",0.0666666666666667,"merlin"
"RC2","BTNW",0.133333333333333,"merlin"
"RC2","BWHA",NA,"merlin"
"RC2","CANG",NA,"merlin"
"RC2","CEDW",NA,"merlin"
"RC2","CHSP",NA,"merlin"
"RC2","COHA",NA,"merlin"
"RC2","CORA",0.0666666666666667,"merlin"
"RC2","COYE",0.133333333333333,"merlin"
"RC2","DEJU",NA,"merlin"
"RC2","DOWO",NA,"merlin"
"RC2","EAKI",NA,"merlin"
"RC2","EAPH",NA,"merlin"
"RC2","GCKI",0.133333333333333,"merlin"
"RC2","GRCA",NA,"merlin"
"RC2","HAWO",NA,"merlin"
"RC2","HERG",NA,"merlin"
"RC2","HETH",0.0666666666666667,"merlin"
"RC2","HOFI",NA,"merlin"
"RC2","LEFL",NA,"merlin"
"RC2","MAWA",NA,"merlin"
"RC2","MODO",NA,"merlin"
"RC2","NAWA",NA,"merlin"
"RC2","NOFL",NA,"merlin"
"RC2","NOPA",NA,"merlin"
"RC2","OSPR",NA,"merlin"
"RC2","OVEN",0.0666666666666667,"merlin"
"RC2","PAWA",NA,"merlin"
"RC2","PISI",NA,"merlin"
"RC2","PIWA",NA,"merlin"
"RC2","PIWO",NA,"merlin"
"RC2","PUFI",NA,"merlin"
"RC2","RBNU",0.133333333333333,"merlin"
"RC2","RECR",NA,"merlin"
"RC2","REVI",NA,"merlin"
"RC2","SOSP",NA,"merlin"
"RC2","SWTH",NA,"merlin"
"RC2","WTSP",0.133333333333333,"merlin"
"RC2","WWCR",NA,"merlin"
"RC2","YRWA",0.266666666666667,"merlin"
"RC3","AGOL",0.0714285714285714,"merlin"
"RC3","AMCR",0.0714285714285714,"merlin"
"RC3","AMPI",0.0714285714285714,"merlin"
"RC3","AMRO",NA,"merlin"
"RC3","BADO",NA,"merlin"
"RC3","BAWW",NA,"merlin"
"RC3","BCCH",NA,"merlin"
"RC3","BHVI",0.0714285714285714,"merlin"
"RC3","BLJA",NA,"merlin"
"RC3","BLPW",NA,"merlin"
"RC3","BRCR",NA,"merlin"
"RC3","BTNW",0.214285714285714,"merlin"
"RC3","BWHA",NA,"merlin"
"RC3","CANG",NA,"merlin"
"RC3","CEDW",NA,"merlin"
"RC3","CHSP",NA,"merlin"
"RC3","COHA",NA,"merlin"
"RC3","CORA",NA,"merlin"
"RC3","COYE",NA,"merlin"
"RC3","DEJU",NA,"merlin"
"RC3","DOWO",NA,"merlin"
"RC3","EAKI",NA,"merlin"
"RC3","EAPH",NA,"merlin"
"RC3","GCKI",0.142857142857143,"merlin"
"RC3","GRCA",0.0714285714285714,"merlin"
"RC3","HAWO",NA,"merlin"
"RC3","HERG",NA,"merlin"
"RC3","HETH",0.0714285714285714,"merlin"
"RC3","HOFI",NA,"merlin"
"RC3","LEFL",NA,"merlin"
"RC3","MAWA",NA,"merlin"
"RC3","MODO",0.0714285714285714,"merlin"
"RC3","NAWA",NA,"merlin"
"RC3","NOFL",NA,"merlin"
"RC3","NOPA",NA,"merlin"
"RC3","OSPR",NA,"merlin"
"RC3","OVEN",0.0714285714285714,"merlin"
"RC3","PAWA",NA,"merlin"
"RC3","PISI",NA,"merlin"
"RC3","PIWA",NA,"merlin"
"RC3","PIWO",NA,"merlin"
"RC3","PUFI",NA,"merlin"
"RC3","RBNU",0.0714285714285714,"merlin"
"RC3","RECR",NA,"merlin"
"RC3","REVI",0.285714285714286,"merlin"
"RC3","SOSP",NA,"merlin"
"RC3","SWTH",NA,"merlin"
"RC3","WTSP",NA,"merlin"
"RC3","WWCR",NA,"merlin"
"RC3","YRWA",0.0714285714285714,"merlin"
"RC4","AGOL",0.2,"merlin"
"RC4","AMCR",NA,"merlin"
"RC4","AMPI",NA,"merlin"
"RC4","AMRO",0.0666666666666667,"merlin"
"RC4","BADO",NA,"merlin"
"RC4","BAWW",0.133333333333333,"merlin"
"RC4","BCCH",0.333333333333333,"merlin"
"RC4","BHVI",NA,"merlin"
"RC4","BLJA",0.0666666666666667,"merlin"
"RC4","BLPW",NA,"merlin"
"RC4","BRCR",0.0666666666666667,"merlin"
"RC4","BTNW",0.2,"merlin"
"RC4","BWHA",NA,"merlin"
"RC4","CANG",NA,"merlin"
"RC4","CEDW",NA,"merlin"
"RC4","CHSP",NA,"merlin"
"RC4","COHA",NA,"merlin"
"RC4","CORA",NA,"merlin"
"RC4","COYE",NA,"merlin"
"RC4","DEJU",0.0666666666666667,"merlin"
"RC4","DOWO",NA,"merlin"
"RC4","EAKI",NA,"merlin"
"RC4","EAPH",NA,"merlin"
"RC4","GCKI",0.0666666666666667,"merlin"
"RC4","GRCA",NA,"merlin"
"RC4","HAWO",NA,"merlin"
"RC4","HERG",NA,"merlin"
"RC4","HETH",0.133333333333333,"merlin"
"RC4","HOFI",NA,"merlin"
"RC4","LEFL",NA,"merlin"
"RC4","MAWA",NA,"merlin"
"RC4","MODO",NA,"merlin"
"RC4","NAWA",0.0666666666666667,"merlin"
"RC4","NOFL",NA,"merlin"
"RC4","NOPA",NA,"merlin"
"RC4","OSPR",NA,"merlin"
"RC4","OVEN",0.133333333333333,"merlin"
"RC4","PAWA",0.0666666666666667,"merlin"
"RC4","PISI",NA,"merlin"
"RC4","PIWA",NA,"merlin"
"RC4","PIWO",0.0666666666666667,"merlin"
"RC4","PUFI",NA,"merlin"
"RC4","RBNU",NA,"merlin"
"RC4","RECR",NA,"merlin"
"RC4","REVI",0.266666666666667,"merlin"
"RC4","SOSP",NA,"merlin"
"RC4","SWTH",NA,"merlin"
"RC4","WTSP",0.2,"merlin"
"RC4","WWCR",NA,"merlin"
"RC4","YRWA",0.133333333333333,"merlin"
"RC5","AGOL",0.0666666666666667,"merlin"
"RC5","AMCR",0.0666666666666667,"merlin"
"RC5","AMPI",NA,"merlin"
"RC5","AMRO",0.0666666666666667,"merlin"
"RC5","BADO",NA,"merlin"
"RC5","BAWW",0.0666666666666667,"merlin"
"RC5","BCCH",NA,"merlin"
"RC5","BHVI",0.0666666666666667,"merlin"
"RC5","BLJA",0.133333333333333,"merlin"
"RC5","BLPW",NA,"merlin"
"RC5","BRCR",NA,"merlin"
"RC5","BTNW",0.0666666666666667,"merlin"
"RC5","BWHA",NA,"merlin"
"RC5","CANG",NA,"merlin"
"RC5","CEDW",0.133333333333333,"merlin"
"RC5","CHSP",0.0666666666666667,"merlin"
"RC5","COHA",NA,"merlin"
"RC5","CORA",NA,"merlin"
"RC5","COYE",NA,"merlin"
"RC5","DEJU",0.0666666666666667,"merlin"
"RC5","DOWO",0.2,"merlin"
"RC5","EAKI",0.0666666666666667,"merlin"
"RC5","EAPH",0.0666666666666667,"merlin"
"RC5","GCKI",0.2,"merlin"
"RC5","GRCA",NA,"merlin"
"RC5","HAWO",0.0666666666666667,"merlin"
"RC5","HERG",NA,"merlin"
"RC5","HETH",0.133333333333333,"merlin"
"RC5","HOFI",NA,"merlin"
"RC5","LEFL",NA,"merlin"
"RC5","MAWA",0.0666666666666667,"merlin"
"RC5","MODO",NA,"merlin"
"RC5","NAWA",NA,"merlin"
"RC5","NOFL",0.133333333333333,"merlin"
"RC5","NOPA",NA,"merlin"
"RC5","OSPR",NA,"merlin"
"RC5","OVEN",NA,"merlin"
"RC5","PAWA",NA,"merlin"
"RC5","PISI",0.0666666666666667,"merlin"
"RC5","PIWA",NA,"merlin"
"RC5","PIWO",NA,"merlin"
"RC5","PUFI",NA,"merlin"
"RC5","RBNU",NA,"merlin"
"RC5","RECR",NA,"merlin"
"RC5","REVI",NA,"merlin"
"RC5","SOSP",0.0666666666666667,"merlin"
"RC5","SWTH",0.0666666666666667,"merlin"
"RC5","WTSP",0.0666666666666667,"merlin"
"RC5","WWCR",NA,"merlin"
"RC5","YRWA",0.0666666666666667,"merlin"
"RC6","AGOL",NA,"merlin"
"RC6","AMCR",0.142857142857143,"merlin"
"RC6","AMPI",NA,"merlin"
"RC6","AMRO",0.142857142857143,"merlin"
"RC6","BADO",NA,"merlin"
"RC6","BAWW",NA,"merlin"
"RC6","BCCH",NA,"merlin"
"RC6","BHVI",NA,"merlin"
"RC6","BLJA",NA,"merlin"
"RC6","BLPW",NA,"merlin"
"RC6","BRCR",NA,"merlin"
"RC6","BTNW",0.0714285714285714,"merlin"
"RC6","BWHA",NA,"merlin"
"RC6","CANG",NA,"merlin"
"RC6","CEDW",0.0714285714285714,"merlin"
"RC6","CHSP",NA,"merlin"
"RC6","COHA",NA,"merlin"
"RC6","CORA",NA,"merlin"
"RC6","COYE",NA,"merlin"
"RC6","DEJU",NA,"merlin"
"RC6","DOWO",NA,"merlin"
"RC6","EAKI",NA,"merlin"
"RC6","EAPH",NA,"merlin"
"RC6","GCKI",NA,"merlin"
"RC6","GRCA",NA,"merlin"
"RC6","HAWO",NA,"merlin"
"RC6","HERG",NA,"merlin"
"RC6","HETH",0.142857142857143,"merlin"
"RC6","HOFI",NA,"merlin"
"RC6","LEFL",NA,"merlin"
"RC6","MAWA",0.0714285714285714,"merlin"
"RC6","MODO",NA,"merlin"
"RC6","NAWA",0.0714285714285714,"merlin"
"RC6","NOFL",NA,"merlin"
"RC6","NOPA",NA,"merlin"
"RC6","OSPR",0.0714285714285714,"merlin"
"RC6","OVEN",0.0714285714285714,"merlin"
"RC6","PAWA",NA,"merlin"
"RC6","PISI",NA,"merlin"
"RC6","PIWA",NA,"merlin"
"RC6","PIWO",NA,"merlin"
"RC6","PUFI",NA,"merlin"
"RC6","RBNU",NA,"merlin"
"RC6","RECR",NA,"merlin"
"RC6","REVI",NA,"merlin"
"RC6","SOSP",NA,"merlin"
"RC6","SWTH",NA,"merlin"
"RC6","WTSP",NA,"merlin"
"RC6","WWCR",NA,"merlin"
"RC6","YRWA",0.0714285714285714,"merlin"
"RC7","AGOL",NA,"merlin"
"RC7","AMCR",NA,"merlin"
"RC7","AMPI",NA,"merlin"
"RC7","AMRO",NA,"merlin"
"RC7","BADO",NA,"merlin"
"RC7","BAWW",NA,"merlin"
"RC7","BCCH",NA,"merlin"
"RC7","BHVI",NA,"merlin"
"RC7","BLJA",0.142857142857143,"merlin"
"RC7","BLPW",NA,"merlin"
"RC7","BRCR",NA,"merlin"
"RC7","BTNW",NA,"merlin"
"RC7","BWHA",NA,"merlin"
"RC7","CANG",NA,"merlin"
"RC7","CEDW",NA,"merlin"
"RC7","CHSP",NA,"merlin"
"RC7","COHA",NA,"merlin"
"RC7","CORA",NA,"merlin"
"RC7","COYE",NA,"merlin"
"RC7","DEJU",NA,"merlin"
"RC7","DOWO",NA,"merlin"
"RC7","EAKI",NA,"merlin"
"RC7","EAPH",NA,"merlin"
"RC7","GCKI",0.0714285714285714,"merlin"
"RC7","GRCA",NA,"merlin"
"RC7","HAWO",NA,"merlin"
"RC7","HERG",NA,"merlin"
"RC7","HETH",0.0714285714285714,"merlin"
"RC7","HOFI",NA,"merlin"
"RC7","LEFL",NA,"merlin"
"RC7","MAWA",NA,"merlin"
"RC7","MODO",0.0714285714285714,"merlin"
"RC7","NAWA",0.0714285714285714,"merlin"
"RC7","NOFL",NA,"merlin"
"RC7","NOPA",NA,"merlin"
"RC7","OSPR",NA,"merlin"
"RC7","OVEN",0.0714285714285714,"merlin"
"RC7","PAWA",NA,"merlin"
"RC7","PISI",NA,"merlin"
"RC7","PIWA",NA,"merlin"
"RC7","PIWO",NA,"merlin"
"RC7","PUFI",NA,"merlin"
"RC7","RBNU",NA,"merlin"
"RC7","RECR",NA,"merlin"
"RC7","REVI",NA,"merlin"
"RC7","SOSP",NA,"merlin"
"RC7","SWTH",NA,"merlin"
"RC7","WTSP",NA,"merlin"
"RC7","WWCR",NA,"merlin"
"RC7","YRWA",NA,"merlin"
"RC8","AGOL",0.0714285714285714,"merlin"
"RC8","AMCR",NA,"merlin"
"RC8","AMPI",NA,"merlin"
"RC8","AMRO",NA,"merlin"
"RC8","BADO",NA,"merlin"
"RC8","BAWW",NA,"merlin"
"RC8","BCCH",0.142857142857143,"merlin"
"RC8","BHVI",NA,"merlin"
"RC8","BLJA",0.0714285714285714,"merlin"
"RC8","BLPW",NA,"merlin"
"RC8","BRCR",NA,"merlin"
"RC8","BTNW",0.0714285714285714,"merlin"
"RC8","BWHA",NA,"merlin"
"RC8","CANG",NA,"merlin"
"RC8","CEDW",NA,"merlin"
"RC8","CHSP",NA,"merlin"
"RC8","COHA",NA,"merlin"
"RC8","CORA",NA,"merlin"
"RC8","COYE",NA,"merlin"
"RC8","DEJU",0.0714285714285714,"merlin"
"RC8","DOWO",NA,"merlin"
"RC8","EAKI",NA,"merlin"
"RC8","EAPH",NA,"merlin"
"RC8","GCKI",0.0714285714285714,"merlin"
"RC8","GRCA",NA,"merlin"
"RC8","HAWO",NA,"merlin"
"RC8","HERG",NA,"merlin"
"RC8","HETH",0.142857142857143,"merlin"
"RC8","HOFI",NA,"merlin"
"RC8","LEFL",NA,"merlin"
"RC8","MAWA",NA,"merlin"
"RC8","MODO",NA,"merlin"
"RC8","NAWA",NA,"merlin"
"RC8","NOFL",0.0714285714285714,"merlin"
"RC8","NOPA",NA,"merlin"
"RC8","OSPR",NA,"merlin"
"RC8","OVEN",0.0714285714285714,"merlin"
"RC8","PAWA",NA,"merlin"
"RC8","PISI",NA,"merlin"
"RC8","PIWA",NA,"merlin"
"RC8","PIWO",NA,"merlin"
"RC8","PUFI",0.0714285714285714,"merlin"
"RC8","RBNU",NA,"merlin"
"RC8","RECR",NA,"merlin"
"RC8","REVI",0.428571428571429,"merlin"
"RC8","SOSP",NA,"merlin"
"RC8","SWTH",NA,"merlin"
"RC8","WTSP",NA,"merlin"
"RC8","WWCR",NA,"merlin"
"RC8","YRWA",NA,"merlin"
"RC9","AGOL",NA,"merlin"
"RC9","AMCR",NA,"merlin"
"RC9","AMPI",NA,"merlin"
"RC9","AMRO",0.0714285714285714,"merlin"
"RC9","BADO",NA,"merlin"
"RC9","BAWW",NA,"merlin"
"RC9","BCCH",NA,"merlin"
"RC9","BHVI",NA,"merlin"
"RC9","BLJA",NA,"merlin"
"RC9","BLPW",NA,"merlin"
"RC9","BRCR",NA,"merlin"
"RC9","BTNW",0.285714285714286,"merlin"
"RC9","BWHA",NA,"merlin"
"RC9","CANG",NA,"merlin"
"RC9","CEDW",NA,"merlin"
"RC9","CHSP",NA,"merlin"
"RC9","COHA",NA,"merlin"
"RC9","CORA",NA,"merlin"
"RC9","COYE",NA,"merlin"
"RC9","DEJU",0.214285714285714,"merlin"
"RC9","DOWO",NA,"merlin"
"RC9","EAKI",NA,"merlin"
"RC9","EAPH",NA,"merlin"
"RC9","GCKI",0.142857142857143,"merlin"
"RC9","GRCA",NA,"merlin"
"RC9","HAWO",NA,"merlin"
"RC9","HERG",NA,"merlin"
"RC9","HETH",0.214285714285714,"merlin"
"RC9","HOFI",NA,"merlin"
"RC9","LEFL",NA,"merlin"
"RC9","MAWA",NA,"merlin"
"RC9","MODO",0.0714285714285714,"merlin"
"RC9","NAWA",NA,"merlin"
"RC9","NOFL",0.0714285714285714,"merlin"
"RC9","NOPA",NA,"merlin"
"RC9","OSPR",NA,"merlin"
"RC9","OVEN",NA,"merlin"
"RC9","PAWA",NA,"merlin"
"RC9","PISI",NA,"merlin"
"RC9","PIWA",NA,"merlin"
"RC9","PIWO",NA,"merlin"
"RC9","PUFI",NA,"merlin"
"RC9","RBNU",NA,"merlin"
"RC9","RECR",NA,"merlin"
"RC9","REVI",0.142857142857143,"merlin"
"RC9","SOSP",NA,"merlin"
"RC9","SWTH",NA,"merlin"
"RC9","WTSP",NA,"merlin"
"RC9","WWCR",NA,"merlin"
"RC9","YRWA",0.0714285714285714,"merlin"
"RC10","AGOL",NA,"merlin"
"RC10","AMCR",NA,"merlin"
"RC10","AMPI",NA,"merlin"
"RC10","AMRO",0.0714285714285714,"merlin"
"RC10","BADO",NA,"merlin"
"RC10","BAWW",NA,"merlin"
"RC10","BCCH",0.0714285714285714,"merlin"
"RC10","BHVI",NA,"merlin"
"RC10","BLJA",NA,"merlin"
"RC10","BLPW",NA,"merlin"
"RC10","BRCR",NA,"merlin"
"RC10","BTNW",0.214285714285714,"merlin"
"RC10","BWHA",NA,"merlin"
"RC10","CANG",NA,"merlin"
"RC10","CEDW",0.142857142857143,"merlin"
"RC10","CHSP",NA,"merlin"
"RC10","COHA",NA,"merlin"
"RC10","CORA",NA,"merlin"
"RC10","COYE",NA,"merlin"
"RC10","DEJU",NA,"merlin"
"RC10","DOWO",NA,"merlin"
"RC10","EAKI",NA,"merlin"
"RC10","EAPH",NA,"merlin"
"RC10","GCKI",0.285714285714286,"merlin"
"RC10","GRCA",NA,"merlin"
"RC10","HAWO",NA,"merlin"
"RC10","HERG",NA,"merlin"
"RC10","HETH",0.142857142857143,"merlin"
"RC10","HOFI",NA,"merlin"
"RC10","LEFL",NA,"merlin"
"RC10","MAWA",NA,"merlin"
"RC10","MODO",NA,"merlin"
"RC10","NAWA",NA,"merlin"
"RC10","NOFL",NA,"merlin"
"RC10","NOPA",NA,"merlin"
"RC10","OSPR",NA,"merlin"
"RC10","OVEN",0.0714285714285714,"merlin"
"RC10","PAWA",NA,"merlin"
"RC10","PISI",0.0714285714285714,"merlin"
"RC10","PIWA",NA,"merlin"
"RC10","PIWO",NA,"merlin"
"RC10","PUFI",NA,"merlin"
"RC10","RBNU",0.142857142857143,"merlin"
"RC10","RECR",NA,"merlin"
"RC10","REVI",0.214285714285714,"merlin"
"RC10","SOSP",NA,"merlin"
"RC10","SWTH",NA,"merlin"
"RC10","WTSP",NA,"merlin"
"RC10","WWCR",NA,"merlin"
"RC10","YRWA",NA,"merlin"
"RC1","AGOL",0.0666666666666667,"playback"
"RC1","AMCR",0.0666666666666667,"playback"
"RC1","AMPI",NA,"playback"
"RC1","AMRO",0.133333333333333,"playback"
"RC1","BADO",NA,"playback"
"RC1","BAWW",0.0666666666666667,"playback"
"RC1","BCCH",0.0666666666666667,"playback"
"RC1","BHVI",0.133333333333333,"playback"
"RC1","BLJA",0.133333333333333,"playback"
"RC1","BLPW",NA,"playback"
"RC1","BRCR",0.0666666666666667,"playback"
"RC1","BTNW",0.2,"playback"
"RC1","BWHA",0.0666666666666667,"playback"
"RC1","CANG",NA,"playback"
"RC1","CEDW",0.0666666666666667,"playback"
"RC1","CHSP",NA,"playback"
"RC1","COHA",NA,"playback"
"RC1","CORA",0.0666666666666667,"playback"
"RC1","COYE",NA,"playback"
"RC1","DEJU",NA,"playback"
"RC1","DOWO",NA,"playback"
"RC1","EAKI",NA,"playback"
"RC1","EAPH",NA,"playback"
"RC1","GCKI",0.2,"playback"
"RC1","GRCA",NA,"playback"
"RC1","HAWO",0.0666666666666667,"playback"
"RC1","HERG",NA,"playback"
"RC1","HETH",0.133333333333333,"playback"
"RC1","HOFI",NA,"playback"
"RC1","LEFL",NA,"playback"
"RC1","MAWA",NA,"playback"
"RC1","MODO",NA,"playback"
"RC1","NAWA",NA,"playback"
"RC1","NOFL",NA,"playback"
"RC1","NOPA",NA,"playback"
"RC1","OSPR",0.0666666666666667,"playback"
"RC1","OVEN",NA,"playback"
"RC1","PAWA",NA,"playback"
"RC1","PISI",0.0666666666666667,"playback"
"RC1","PIWA",NA,"playback"
"RC1","PIWO",NA,"playback"
"RC1","PUFI",0.133333333333333,"playback"
"RC1","RBNU",0.0666666666666667,"playback"
"RC1","RECR",NA,"playback"
"RC1","REVI",NA,"playback"
"RC1","SOSP",NA,"playback"
"RC1","SWTH",NA,"playback"
"RC1","WTSP",0.0666666666666667,"playback"
"RC1","WWCR",NA,"playback"
"RC1","YRWA",0.266666666666667,"playback"
"RC2","AGOL",0.0666666666666667,"playback"
"RC2","AMCR",0.333333333333333,"playback"
"RC2","AMPI",NA,"playback"
"RC2","AMRO",0.0666666666666667,"playback"
"RC2","BADO",NA,"playback"
"RC2","BAWW",NA,"playback"
"RC2","BCCH",0.266666666666667,"playback"
"RC2","BHVI",0.0666666666666667,"playback"
"RC2","BLJA",0.0666666666666667,"playback"
"RC2","BLPW",NA,"playback"
"RC2","BRCR",0.0666666666666667,"playback"
"RC2","BTNW",0.266666666666667,"playback"
"RC2","BWHA",NA,"playback"
"RC2","CANG",NA,"playback"
"RC2","CEDW",NA,"playback"
"RC2","CHSP",NA,"playback"
"RC2","COHA",NA,"playback"
"RC2","CORA",0.0666666666666667,"playback"
"RC2","COYE",0.133333333333333,"playback"
"RC2","DEJU",NA,"playback"
"RC2","DOWO",NA,"playback"
"RC2","EAKI",NA,"playback"
"RC2","EAPH",NA,"playback"
"RC2","GCKI",0.266666666666667,"playback"
"RC2","GRCA",NA,"playback"
"RC2","HAWO",NA,"playback"
"RC2","HERG",NA,"playback"
"RC2","HETH",0.0666666666666667,"playback"
"RC2","HOFI",0.0666666666666667,"playback"
"RC2","LEFL",NA,"playback"
"RC2","MAWA",0.0666666666666667,"playback"
"RC2","MODO",NA,"playback"
"RC2","NAWA",NA,"playback"
"RC2","NOFL",NA,"playback"
"RC2","NOPA",NA,"playback"
"RC2","OSPR",NA,"playback"
"RC2","OVEN",0.0666666666666667,"playback"
"RC2","PAWA",NA,"playback"
"RC2","PISI",0.0666666666666667,"playback"
"RC2","PIWA",NA,"playback"
"RC2","PIWO",NA,"playback"
"RC2","PUFI",0.0666666666666667,"playback"
"RC2","RBNU",0.133333333333333,"playback"
"RC2","RECR",0.0666666666666667,"playback"
"RC2","REVI",0.0666666666666667,"playback"
"RC2","SOSP",NA,"playback"
"RC2","SWTH",NA,"playback"
"RC2","WTSP",0.133333333333333,"playback"
"RC2","WWCR",NA,"playback"
"RC2","YRWA",0.333333333333333,"playback"
"RC3","AGOL",0.142857142857143,"playback"
"RC3","AMCR",0.142857142857143,"playback"
"RC3","AMPI",0.0714285714285714,"playback"
"RC3","AMRO",0.0714285714285714,"playback"
"RC3","BADO",NA,"playback"
"RC3","BAWW",NA,"playback"
"RC3","BCCH",0.0714285714285714,"playback"
"RC3","BHVI",0.0714285714285714,"playback"
"RC3","BLJA",NA,"playback"
"RC3","BLPW",NA,"playback"
"RC3","BRCR",NA,"playback"
"RC3","BTNW",0.285714285714286,"playback"
"RC3","BWHA",0.0714285714285714,"playback"
"RC3","CANG",NA,"playback"
"RC3","CEDW",NA,"playback"
"RC3","CHSP",NA,"playback"
"RC3","COHA",NA,"playback"
"RC3","CORA",0.0714285714285714,"playback"
"RC3","COYE",NA,"playback"
"RC3","DEJU",NA,"playback"
"RC3","DOWO",NA,"playback"
"RC3","EAKI",NA,"playback"
"RC3","EAPH",NA,"playback"
"RC3","GCKI",0.142857142857143,"playback"
"RC3","GRCA",0.0714285714285714,"playback"
"RC3","HAWO",NA,"playback"
"RC3","HERG",NA,"playback"
"RC3","HETH",0.142857142857143,"playback"
"RC3","HOFI",NA,"playback"
"RC3","LEFL",NA,"playback"
"RC3","MAWA",NA,"playback"
"RC3","MODO",0.0714285714285714,"playback"
"RC3","NAWA",0.142857142857143,"playback"
"RC3","NOFL",NA,"playback"
"RC3","NOPA",NA,"playback"
"RC3","OSPR",NA,"playback"
"RC3","OVEN",0.0714285714285714,"playback"
"RC3","PAWA",NA,"playback"
"RC3","PISI",0.214285714285714,"playback"
"RC3","PIWA",NA,"playback"
"RC3","PIWO",NA,"playback"
"RC3","PUFI",NA,"playback"
"RC3","RBNU",0.0714285714285714,"playback"
"RC3","RECR",NA,"playback"
"RC3","REVI",0.357142857142857,"playback"
"RC3","SOSP",NA,"playback"
"RC3","SWTH",NA,"playback"
"RC3","WTSP",NA,"playback"
"RC3","WWCR",NA,"playback"
"RC3","YRWA",0.0714285714285714,"playback"
"RC4","AGOL",0.2,"playback"
"RC4","AMCR",NA,"playback"
"RC4","AMPI",NA,"playback"
"RC4","AMRO",0.133333333333333,"playback"
"RC4","BADO",NA,"playback"
"RC4","BAWW",0.133333333333333,"playback"
"RC4","BCCH",0.4,"playback"
"RC4","BHVI",NA,"playback"
"RC4","BLJA",0.133333333333333,"playback"
"RC4","BLPW",NA,"playback"
"RC4","BRCR",0.0666666666666667,"playback"
"RC4","BTNW",0.2,"playback"
"RC4","BWHA",NA,"playback"
"RC4","CANG",NA,"playback"
"RC4","CEDW",NA,"playback"
"RC4","CHSP",NA,"playback"
"RC4","COHA",NA,"playback"
"RC4","CORA",NA,"playback"
"RC4","COYE",NA,"playback"
"RC4","DEJU",0.0666666666666667,"playback"
"RC4","DOWO",NA,"playback"
"RC4","EAKI",NA,"playback"
"RC4","EAPH",NA,"playback"
"RC4","GCKI",0.133333333333333,"playback"
"RC4","GRCA",NA,"playback"
"RC4","HAWO",0.0666666666666667,"playback"
"RC4","HERG",NA,"playback"
"RC4","HETH",0.2,"playback"
"RC4","HOFI",NA,"playback"
"RC4","LEFL",NA,"playback"
"RC4","MAWA",NA,"playback"
"RC4","MODO",NA,"playback"
"RC4","NAWA",0.0666666666666667,"playback"
"RC4","NOFL",NA,"playback"
"RC4","NOPA",NA,"playback"
"RC4","OSPR",NA,"playback"
"RC4","OVEN",0.2,"playback"
"RC4","PAWA",0.0666666666666667,"playback"
"RC4","PISI",NA,"playback"
"RC4","PIWA",NA,"playback"
"RC4","PIWO",0.0666666666666667,"playback"
"RC4","PUFI",NA,"playback"
"RC4","RBNU",0.133333333333333,"playback"
"RC4","RECR",NA,"playback"
"RC4","REVI",0.266666666666667,"playback"
"RC4","SOSP",NA,"playback"
"RC4","SWTH",0.0666666666666667,"playback"
"RC4","WTSP",0.2,"playback"
"RC4","WWCR",NA,"playback"
"RC4","YRWA",0.2,"playback"
"RC5","AGOL",0.0666666666666667,"playback"
"RC5","AMCR",0.2,"playback"
"RC5","AMPI",NA,"playback"
"RC5","AMRO",0.133333333333333,"playback"
"RC5","BADO",NA,"playback"
"RC5","BAWW",0.133333333333333,"playback"
"RC5","BCCH",0.0666666666666667,"playback"
"RC5","BHVI",0.0666666666666667,"playback"
"RC5","BLJA",0.2,"playback"
"RC5","BLPW",NA,"playback"
"RC5","BRCR",NA,"playback"
"RC5","BTNW",0.133333333333333,"playback"
"RC5","BWHA",NA,"playback"
"RC5","CANG",0.0666666666666667,"playback"
"RC5","CEDW",0.133333333333333,"playback"
"RC5","CHSP",0.0666666666666667,"playback"
"RC5","COHA",NA,"playback"
"RC5","CORA",0.0666666666666667,"playback"
"RC5","COYE",NA,"playback"
"RC5","DEJU",0.0666666666666667,"playback"
"RC5","DOWO",0.2,"playback"
"RC5","EAKI",0.0666666666666667,"playback"
"RC5","EAPH",0.0666666666666667,"playback"
"RC5","GCKI",0.266666666666667,"playback"
"RC5","GRCA",NA,"playback"
"RC5","HAWO",0.133333333333333,"playback"
"RC5","HERG",NA,"playback"
"RC5","HETH",0.266666666666667,"playback"
"RC5","HOFI",NA,"playback"
"RC5","LEFL",0.0666666666666667,"playback"
"RC5","MAWA",0.133333333333333,"playback"
"RC5","MODO",NA,"playback"
"RC5","NAWA",NA,"playback"
"RC5","NOFL",0.133333333333333,"playback"
"RC5","NOPA",NA,"playback"
"RC5","OSPR",NA,"playback"
"RC5","OVEN",NA,"playback"
"RC5","PAWA",NA,"playback"
"RC5","PISI",0.0666666666666667,"playback"
"RC5","PIWA",NA,"playback"
"RC5","PIWO",NA,"playback"
"RC5","PUFI",NA,"playback"
"RC5","RBNU",NA,"playback"
"RC5","RECR",NA,"playback"
"RC5","REVI",0.0666666666666667,"playback"
"RC5","SOSP",0.0666666666666667,"playback"
"RC5","SWTH",0.0666666666666667,"playback"
"RC5","WTSP",0.133333333333333,"playback"
"RC5","WWCR",NA,"playback"
"RC5","YRWA",0.266666666666667,"playback"
"RC6","AGOL",NA,"playback"
"RC6","AMCR",0.214285714285714,"playback"
"RC6","AMPI",NA,"playback"
"RC6","AMRO",0.285714285714286,"playback"
"RC6","BADO",NA,"playback"
"RC6","BAWW",0.142857142857143,"playback"
"RC6","BCCH",0.0714285714285714,"playback"
"RC6","BHVI",NA,"playback"
"RC6","BLJA",0.0714285714285714,"playback"
"RC6","BLPW",NA,"playback"
"RC6","BRCR",NA,"playback"
"RC6","BTNW",0.142857142857143,"playback"
"RC6","BWHA",NA,"playback"
"RC6","CANG",NA,"playback"
"RC6","CEDW",0.142857142857143,"playback"
"RC6","CHSP",NA,"playback"
"RC6","COHA",NA,"playback"
"RC6","CORA",NA,"playback"
"RC6","COYE",NA,"playback"
"RC6","DEJU",NA,"playback"
"RC6","DOWO",NA,"playback"
"RC6","EAKI",NA,"playback"
"RC6","EAPH",NA,"playback"
"RC6","GCKI",NA,"playback"
"RC6","GRCA",NA,"playback"
"RC6","HAWO",NA,"playback"
"RC6","HERG",NA,"playback"
"RC6","HETH",0.285714285714286,"playback"
"RC6","HOFI",NA,"playback"
"RC6","LEFL",NA,"playback"
"RC6","MAWA",0.0714285714285714,"playback"
"RC6","MODO",0.142857142857143,"playback"
"RC6","NAWA",0.0714285714285714,"playback"
"RC6","NOFL",NA,"playback"
"RC6","NOPA",NA,"playback"
"RC6","OSPR",0.0714285714285714,"playback"
"RC6","OVEN",0.0714285714285714,"playback"
"RC6","PAWA",NA,"playback"
"RC6","PISI",NA,"playback"
"RC6","PIWA",NA,"playback"
"RC6","PIWO",NA,"playback"
"RC6","PUFI",NA,"playback"
"RC6","RBNU",NA,"playback"
"RC6","RECR",NA,"playback"
"RC6","REVI",NA,"playback"
"RC6","SOSP",NA,"playback"
"RC6","SWTH",NA,"playback"
"RC6","WTSP",NA,"playback"
"RC6","WWCR",0.0714285714285714,"playback"
"RC6","YRWA",0.142857142857143,"playback"
"RC7","AGOL",0.0714285714285714,"playback"
"RC7","AMCR",NA,"playback"
"RC7","AMPI",NA,"playback"
"RC7","AMRO",NA,"playback"
"RC7","BADO",NA,"playback"
"RC7","BAWW",NA,"playback"
"RC7","BCCH",0.142857142857143,"playback"
"RC7","BHVI",NA,"playback"
"RC7","BLJA",0.142857142857143,"playback"
"RC7","BLPW",NA,"playback"
"RC7","BRCR",0.0714285714285714,"playback"
"RC7","BTNW",NA,"playback"
"RC7","BWHA",NA,"playback"
"RC7","CANG",NA,"playback"
"RC7","CEDW",0.0714285714285714,"playback"
"RC7","CHSP",NA,"playback"
"RC7","COHA",NA,"playback"
"RC7","CORA",NA,"playback"
"RC7","COYE",0.0714285714285714,"playback"
"RC7","DEJU",NA,"playback"
"RC7","DOWO",NA,"playback"
"RC7","EAKI",NA,"playback"
"RC7","EAPH",NA,"playback"
"RC7","GCKI",0.0714285714285714,"playback"
"RC7","GRCA",NA,"playback"
"RC7","HAWO",NA,"playback"
"RC7","HERG",NA,"playback"
"RC7","HETH",0.214285714285714,"playback"
"RC7","HOFI",NA,"playback"
"RC7","LEFL",NA,"playback"
"RC7","MAWA",NA,"playback"
"RC7","MODO",0.0714285714285714,"playback"
"RC7","NAWA",0.142857142857143,"playback"
"RC7","NOFL",NA,"playback"
"RC7","NOPA",NA,"playback"
"RC7","OSPR",NA,"playback"
"RC7","OVEN",0.0714285714285714,"playback"
"RC7","PAWA",NA,"playback"
"RC7","PISI",NA,"playback"
"RC7","PIWA",NA,"playback"
"RC7","PIWO",NA,"playback"
"RC7","PUFI",NA,"playback"
"RC7","RBNU",NA,"playback"
"RC7","RECR",NA,"playback"
"RC7","REVI",NA,"playback"
"RC7","SOSP",NA,"playback"
"RC7","SWTH",NA,"playback"
"RC7","WTSP",0.0714285714285714,"playback"
"RC7","WWCR",NA,"playback"
"RC7","YRWA",NA,"playback"
"RC8","AGOL",0.0714285714285714,"playback"
"RC8","AMCR",0.0714285714285714,"playback"
"RC8","AMPI",NA,"playback"
"RC8","AMRO",NA,"playback"
"RC8","BADO",NA,"playback"
"RC8","BAWW",NA,"playback"
"RC8","BCCH",0.214285714285714,"playback"
"RC8","BHVI",NA,"playback"
"RC8","BLJA",0.0714285714285714,"playback"
"RC8","BLPW",NA,"playback"
"RC8","BRCR",NA,"playback"
"RC8","BTNW",0.142857142857143,"playback"
"RC8","BWHA",NA,"playback"
"RC8","CANG",NA,"playback"
"RC8","CEDW",NA,"playback"
"RC8","CHSP",NA,"playback"
"RC8","COHA",NA,"playback"
"RC8","CORA",NA,"playback"
"RC8","COYE",NA,"playback"
"RC8","DEJU",0.0714285714285714,"playback"
"RC8","DOWO",NA,"playback"
"RC8","EAKI",NA,"playback"
"RC8","EAPH",NA,"playback"
"RC8","GCKI",0.142857142857143,"playback"
"RC8","GRCA",NA,"playback"
"RC8","HAWO",NA,"playback"
"RC8","HERG",NA,"playback"
"RC8","HETH",0.142857142857143,"playback"
"RC8","HOFI",NA,"playback"
"RC8","LEFL",NA,"playback"
"RC8","MAWA",NA,"playback"
"RC8","MODO",NA,"playback"
"RC8","NAWA",NA,"playback"
"RC8","NOFL",0.0714285714285714,"playback"
"RC8","NOPA",NA,"playback"
"RC8","OSPR",NA,"playback"
"RC8","OVEN",0.0714285714285714,"playback"
"RC8","PAWA",NA,"playback"
"RC8","PISI",NA,"playback"
"RC8","PIWA",NA,"playback"
"RC8","PIWO",0.0714285714285714,"playback"
"RC8","PUFI",0.0714285714285714,"playback"
"RC8","RBNU",0.0714285714285714,"playback"
"RC8","RECR",NA,"playback"
"RC8","REVI",0.428571428571429,"playback"
"RC8","SOSP",NA,"playback"
"RC8","SWTH",NA,"playback"
"RC8","WTSP",NA,"playback"
"RC8","WWCR",NA,"playback"
"RC8","YRWA",0.214285714285714,"playback"
"RC9","AGOL",NA,"playback"
"RC9","AMCR",0.0714285714285714,"playback"
"RC9","AMPI",NA,"playback"
"RC9","AMRO",0.0714285714285714,"playback"
"RC9","BADO",NA,"playback"
"RC9","BAWW",NA,"playback"
"RC9","BCCH",NA,"playback"
"RC9","BHVI",NA,"playback"
"RC9","BLJA",0.0714285714285714,"playback"
"RC9","BLPW",NA,"playback"
"RC9","BRCR",NA,"playback"
"RC9","BTNW",0.357142857142857,"playback"
"RC9","BWHA",NA,"playback"
"RC9","CANG",NA,"playback"
"RC9","CEDW",NA,"playback"
"RC9","CHSP",NA,"playback"
"RC9","COHA",NA,"playback"
"RC9","CORA",NA,"playback"
"RC9","COYE",NA,"playback"
"RC9","DEJU",0.214285714285714,"playback"
"RC9","DOWO",NA,"playback"
"RC9","EAKI",NA,"playback"
"RC9","EAPH",NA,"playback"
"RC9","GCKI",0.214285714285714,"playback"
"RC9","GRCA",NA,"playback"
"RC9","HAWO",NA,"playback"
"RC9","HERG",NA,"playback"
"RC9","HETH",0.214285714285714,"playback"
"RC9","HOFI",NA,"playback"
"RC9","LEFL",NA,"playback"
"RC9","MAWA",NA,"playback"
"RC9","MODO",0.142857142857143,"playback"
"RC9","NAWA",NA,"playback"
"RC9","NOFL",0.0714285714285714,"playback"
"RC9","NOPA",NA,"playback"
"RC9","OSPR",NA,"playback"
"RC9","OVEN",NA,"playback"
"RC9","PAWA",NA,"playback"
"RC9","PISI",NA,"playback"
"RC9","PIWA",NA,"playback"
"RC9","PIWO",NA,"playback"
"RC9","PUFI",NA,"playback"
"RC9","RBNU",NA,"playback"
"RC9","RECR",NA,"playback"
"RC9","REVI",0.357142857142857,"playback"
"RC9","SOSP",NA,"playback"
"RC9","SWTH",NA,"playback"
"RC9","WTSP",NA,"playback"
"RC9","WWCR",NA,"playback"
"RC9","YRWA",0.142857142857143,"playback"
"RC10","AGOL",NA,"playback"
"RC10","AMCR",NA,"playback"
"RC10","AMPI",NA,"playback"
"RC10","AMRO",0.142857142857143,"playback"
"RC10","BADO",NA,"playback"
"RC10","BAWW",NA,"playback"
"RC10","BCCH",0.142857142857143,"playback"
"RC10","BHVI",NA,"playback"
"RC10","BLJA",NA,"playback"
"RC10","BLPW",NA,"playback"
"RC10","BRCR",NA,"playback"
"RC10","BTNW",0.214285714285714,"playback"
"RC10","BWHA",NA,"playback"
"RC10","CANG",NA,"playback"
"RC10","CEDW",0.142857142857143,"playback"
"RC10","CHSP",NA,"playback"
"RC10","COHA",NA,"playback"
"RC10","CORA",0.0714285714285714,"playback"
"RC10","COYE",NA,"playback"
"RC10","DEJU",NA,"playback"
"RC10","DOWO",NA,"playback"
"RC10","EAKI",NA,"playback"
"RC10","EAPH",NA,"playback"
"RC10","GCKI",0.285714285714286,"playback"
"RC10","GRCA",NA,"playback"
"RC10","HAWO",NA,"playback"
"RC10","HERG",NA,"playback"
"RC10","HETH",0.142857142857143,"playback"
"RC10","HOFI",NA,"playback"
"RC10","LEFL",NA,"playback"
"RC10","MAWA",NA,"playback"
"RC10","MODO",NA,"playback"
"RC10","NAWA",NA,"playback"
"RC10","NOFL",NA,"playback"
"RC10","NOPA",0.0714285714285714,"playback"
"RC10","OSPR",NA,"playback"
"RC10","OVEN",0.0714285714285714,"playback"
"RC10","PAWA",NA,"playback"
"RC10","PISI",0.0714285714285714,"playback"
"RC10","PIWA",NA,"playback"
"RC10","PIWO",NA,"playback"
"RC10","PUFI",NA,"playback"
"RC10","RBNU",0.142857142857143,"playback"
"RC10","RECR",NA,"playback"
"RC10","REVI",0.357142857142857,"playback"
"RC10","SOSP",NA,"playback"
"RC10","SWTH",NA,"playback"
"RC10","WTSP",NA,"playback"
"RC10","WWCR",NA,"playback"
"RC10","YRWA",0.0714285714285714,"playback"
